"cosit","class","year","month","day","VehicleCount"
"000000001243","2","2019","9","6","3615"
"000000001507","3","2019","9","6","5578"
"000000020051","6","2019","9","6","269"
"000000020111","3","2019","9","6","4444"
"000000200723","2","2019","9","6","57774"
"000000001132","6","2019","9","6","220"
"000000001723","6","2019","9","6","49"
"000000001504","1","2019","9","6","131"
"000000020034","5","2019","9","6","197"
"000000020301","2","2019","9","6","2663"
"000000001016","7","2019","9","6","193"
"000000001131","7","2019","9","6","59"
"000000020561","5","2019","9","6","121"
"000000003182","1","2019","9","6","20"
"000000001594","5","2019","9","6","35"
"000000020801","1","2019","9","6","13"
"000000001054","0","2019","9","6","1"
"000000001024","6","2019","9","6","568"
"000000001503","4","2019","9","6","662"
"000000020034","2","2019","9","6","7093"
"000000020201","3","2019","9","6","830"
"000000031021","2","2019","9","6","1348"
"000000201082","3","2019","9","6","1139"
"000000001691","2","2019","9","6","3676"
"000000020601","5","2019","9","6","135"
"000000001090","7","2019","9","6","104"
"000000001622","5","2019","9","6","86"
"000000020171","1","2019","9","6","28"
"000000001056","7","2019","9","6","32"
"000000001211","6","2019","9","6","95"
"000000001036","7","2019","9","6","41"
"000000020031","1","2019","9","6","22"
"000000020033","1","2019","9","6","28"
"000000001632","4","2019","9","6","5"
"000000201081","7","2019","9","6","41"
"000000001671","6","2019","9","6","9"
"000000001506","6","2019","9","6","1039"
"000000001782","2","2019","9","6","2530"
"000000020114","2","2019","9","6","10954"
"000000200717","3","2019","9","6","1418"
"000000200812","4","2019","9","6","149"
"000000001242","3","2019","9","6","897"
"000000020014","1","2019","9","6","82"
"000000020115","4","2019","9","6","74"
"000000202301","3","2019","9","6","324"
"000000020061","4","2019","9","6","164"
"000000020079","4","2019","9","6","226"
"000000020181","3","2019","9","6","1543"
"000000020562","3","2019","9","6","275"
"000000001057","3","2019","9","6","602"
"000000001801","3","2019","9","6","398"
"000000020241","3","2019","9","6","805"
"000000015001","7","2019","9","6","129"
"000000001651","6","2019","9","6","73"
"000000020222","1","2019","9","6","50"
"000000020041","7","2019","9","6","173"
"000000020119","0","2019","9","6","16"
"000000020117","1","2019","9","6","26"
"000000020081","1","2019","9","6","29"
"000000020251","1","2019","9","6","21"
"000000001551","1","2019","9","6","11"
"000000003805","7","2019","9","6","1"
"000000001013","5","2019","9","6","303"
"000000001056","2","2019","9","6","2359"
"000000001271","6","2019","9","6","92"
"000000020041","2","2019","9","6","30609"
"000000020042","6","2019","9","6","2348"
"000000020092","3","2019","9","6","1549"
"000000020257","3","2019","9","6","3319"
"000000020801","6","2019","9","6","295"
"000000001112","4","2019","9","6","84"
"000000001505","5","2019","9","6","1367"
"000000001506","1","2019","9","6","154"
"000000003172","2","2019","9","6","5859"
"000000020094","3","2019","9","6","893"
"000000020243","6","2019","9","6","289"
"000000020211","3","2019","9","6","672"
"000000200719","4","2019","9","6","103"
"000000001522","7","2019","9","6","35"
"000000200714","6","2019","9","6","67"
"000000003171","7","2019","9","6","70"
"000000020047","7","2019","9","6","239"
"000000020221","6","2019","9","6","83"
"000000020078","1","2019","9","6","95"
"000000020301","7","2019","9","6","25"
"000000003173","4","2019","9","6","41"
"000000001602","1","2019","9","6","14"
"000000020045","4","2019","9","6","32"
"000000020212","0","2019","9","6","3"
"000000001191","7","2019","9","6","31"
"000000020701","7","2019","9","6","5"
"000000001501","0","2019","9","6","6"
"000000001055","3","2019","9","6","329"
"000000001090","2","2019","9","6","11121"
"000000001504","6","2019","9","6","1145"
"000000020062","4","2019","9","6","126"
"000000020085","3","2019","9","6","1512"
"000000201081","2","2019","9","6","17011"
"000000001035","6","2019","9","6","592"
"000000003805","2","2019","9","6","1004"
"000000020041","5","2019","9","6","722"
"000000001254","6","2019","9","6","224"
"000000001251","6","2019","9","6","286"
"000000001508","7","2019","9","6","672"
"000000202103","6","2019","9","6","179"
"000000001261","6","2019","9","6","111"
"000000001015","0","2019","9","6","51"
"000000001591","7","2019","9","6","24"
"000000001782","7","2019","9","6","25"
"000000020063","1","2019","9","6","21"
"000000020811","6","2019","9","6","39"
"000000001631","1","2019","9","6","9"
"000000020152","4","2019","9","6","24"
"000000001312","0","2019","9","6","9"
"000000001841","0","2019","9","6","2"
"000000001101","5","2019","9","6","67"
"000000001114","6","2019","9","6","683"
"000000001503","5","2019","9","6","3017"
"000000001632","2","2019","9","6","2278"
"000000020034","3","2019","9","6","1041"
"000000020094","6","2019","9","6","449"
"000000200812","2","2019","9","6","13924"
"000000001243","3","2019","9","6","451"
"000000001542","5","2019","9","6","77"
"000000015011","1","2019","9","6","91"
"000000001027","7","2019","9","6","33"
"000000200723","0","2019","9","6","44"
"000000001631","4","2019","9","6","21"
"000000001632","5","2019","9","6","71"
"000000020186","7","2019","9","6","58"
"000000020241","1","2019","9","6","20"
"000000020611","5","2019","9","6","164"
"000000001112","7","2019","9","6","67"
"000000001054","1","2019","9","6","13"
"000000001057","1","2019","9","6","25"
"000000020562","1","2019","9","6","1"
"000000020301","0","2019","9","6","1"
"000000001055","6","2019","9","6","250"
"000000020011","6","2019","9","6","2678"
"000000020064","6","2019","9","6","641"
"000000020065","6","2019","9","6","674"
"000000020079","2","2019","9","6","15279"
"000000001506","4","2019","9","6","235"
"000000020114","3","2019","9","6","2603"
"000000020211","6","2019","9","6","257"
"000000020063","4","2019","9","6","123"
"000000020051","4","2019","9","6","9"
"000000001611","6","2019","9","6","100"
"000000001811","1","2019","9","6","25"
"000000201082","1","2019","9","6","21"
"000000003173","7","2019","9","6","52"
"000000020201","1","2019","9","6","54"
"000000001761","5","2019","9","6","83"
"000000200717","1","2019","9","6","22"
"000000020181","1","2019","9","6","10"
"000000001102","7","2019","9","6","25"
"000000001331","2","2019","9","6","6274"
"000000001503","3","2019","9","6","12803"
"000000001602","2","2019","9","6","2621"
"000000020061","3","2019","9","6","1211"
"000000020079","3","2019","9","6","2420"
"000000020184","6","2019","9","6","568"
"000000001506","5","2019","9","6","1522"
"000000001321","4","2019","9","6","98"
"000000020907","4","2019","9","6","33"
"000000001541","7","2019","9","6","34"
"000000001042","7","2019","9","6","41"
"000000020114","1","2019","9","6","72"
"000000001086","7","2019","9","6","56"
"000000001651","5","2019","9","6","69"
"000000001842","7","2019","9","6","54"
"000000001741","7","2019","9","6","46"
"000000001671","5","2019","9","6","14"
"000000020034","1","2019","9","6","16"
"000000001017","6","2019","9","6","1873"
"000000001331","6","2019","9","6","497"
"000000003111","2","2019","9","6","15743"
"000000015002","2","2019","9","6","29269"
"000000020074","5","2019","9","6","602"
"000000208001","2","2019","9","6","8804"
"000000020521","3","2019","9","6","393"
"000000020022","4","2019","9","6","85"
"000000001051","3","2019","9","6","525"
"000000001811","3","2019","9","6","852"
"000000020042","1","2019","9","6","36"
"000000020113","6","2019","9","6","20"
"000000001842","1","2019","9","6","16"
"000000001173","4","2019","9","6","46"
"000000020116","4","2019","9","6","33"
"000000001631","6","2019","9","6","39"
"000000020252","4","2019","9","6","42"
"000000001271","1","2019","9","6","27"
"000000020811","1","2019","9","6","12"
"000000001035","1","2019","9","6","18"
"000000001621","4","2019","9","6","14"
"000000003807","1","2019","9","6","2"
"000000001065","0","2019","9","6","2"
"000000001036","6","2019","9","6","297"
"000000001223","2","2019","9","6","10681"
"000000001013","6","2019","9","6","109"
"000000003172","6","2019","9","6","216"
"000000020172","5","2019","9","6","270"
"000000001131","6","2019","9","6","123"
"000000001132","5","2019","9","6","267"
"000000001182","5","2019","9","6","202"
"000000020257","4","2019","9","6","136"
"000000020811","7","2019","9","6","44"
"000000001254","7","2019","9","6","27"
"000000001711","7","2019","9","6","32"
"000000001271","7","2019","9","6","49"
"000000001831","4","2019","9","6","10"
"000000001121","7","2019","9","6","23"
"000000001016","3","2019","9","6","3732"
"000000001027","2","2019","9","6","2666"
"000000001114","1","2019","9","6","60"
"000000001505","3","2019","9","6","7415"
"000000003172","3","2019","9","6","894"
"000000003173","2","2019","9","6","4172"
"000000003804","2","2019","9","6","9882"
"000000020045","2","2019","9","6","7080"
"000000020151","2","2019","9","6","4068"
"000000020186","2","2019","9","6","8447"
"000000020671","2","2019","9","6","1651"
"000000020906","2","2019","9","6","8228"
"000000200719","2","2019","9","6","7494"
"000000001036","3","2019","9","6","519"
"000000001161","4","2019","9","6","8"
"000000001321","1","2019","9","6","130"
"000000020082","3","2019","9","6","431"
"000000015001","0","2019","9","6","30"
"000000020908","4","2019","9","6","55"
"000000001254","4","2019","9","6","36"
"000000020067","5","2019","9","6","129"
"000000001271","4","2019","9","6","84"
"000000200715","7","2019","9","6","166"
"000000001541","4","2019","9","6","26"
"000000001694","5","2019","9","6","85"
"000000001561","5","2019","9","6","152"
"000000020211","1","2019","9","6","17"
"000000001121","4","2019","9","6","12"
"000000001033","0","2019","9","6","1"
"000000001056","3","2019","9","6","304"
"000000001070","5","2019","9","6","2278"
"000000001071","5","2019","9","6","2292"
"000000001692","2","2019","9","6","3294"
"000000015001","3","2019","9","6","4263"
"000000020041","3","2019","9","6","3763"
"000000020062","2","2019","9","6","8793"
"000000020185","6","2019","9","6","318"
"000000020203","5","2019","9","6","505"
"000000031061","2","2019","9","6","18778"
"000000201081","3","2019","9","6","1577"
"000000020152","2","2019","9","6","4241"
"000000020243","4","2019","9","6","66"
"000000001042","4","2019","9","6","29"
"000000001131","3","2019","9","6","586"
"000000200714","4","2019","9","6","85"
"000000001261","4","2019","9","6","49"
"000000020085","1","2019","9","6","36"
"000000001173","7","2019","9","6","39"
"000000001771","4","2019","9","6","44"
"000000020861","5","2019","9","6","86"
"000000020065","1","2019","9","6","34"
"000000020252","7","2019","9","6","58"
"000000001034","7","2019","9","6","126"
"000000020221","4","2019","9","6","60"
"000000001202","7","2019","9","6","65"
"000000001841","1","2019","9","6","29"
"000000001842","4","2019","9","6","20"
"000000001593","4","2019","9","6","3"
"000000001871","4","2019","9","6","1"
"000000020019","0","2019","9","6","2"
"000000001015","6","2019","9","6","2650"
"000000010113","6","2019","9","6","440"
"000000020016","2","2019","9","6","11802"
"000000020047","3","2019","9","6","5489"
"000000020089","6","2019","9","6","886"
"000000200715","2","2019","9","6","13037"
"000000001782","3","2019","9","6","277"
"000000001841","6","2019","9","6","113"
"000000020525","1","2019","9","6","44"
"000000001831","6","2019","9","6","41"
"000000001172","6","2019","9","6","131"
"000000020044","4","2019","9","6","73"
"000000001191","3","2019","9","6","1078"
"000000001703","6","2019","9","6","103"
"000000001041","7","2019","9","6","88"
"000000003181","4","2019","9","6","56"
"000000001011","7","2019","9","6","18"
"000000020224","7","2019","9","6","32"
"000000200716","1","2019","9","6","11"
"000000001524","7","2019","9","6","40"
"000000020071","1","2019","9","6","213"
"000000020185","1","2019","9","6","25"
"000000020671","7","2019","9","6","19"
"000000001715","6","2019","9","6","25"
"000000020511","7","2019","9","6","25"
"000000020047","0","2019","9","6","6"
"000000001042","3","2019","9","6","562"
"000000001054","5","2019","9","6","95"
"000000001202","6","2019","9","6","519"
"000000001258","5","2019","9","6","898"
"000000020071","5","2019","9","6","1786"
"000000020119","2","2019","9","6","16323"
"000000020243","3","2019","9","6","1068"
"000000020066","2","2019","9","6","1546"
"000000001501","7","2019","9","6","275"
"000000020089","7","2019","9","6","76"
"000000020811","3","2019","9","6","279"
"000000020241","5","2019","9","6","163"
"000000010113","7","2019","9","6","74"
"000000001256","7","2019","9","6","193"
"000000020907","7","2019","9","6","69"
"000000001051","5","2019","9","6","126"
"000000001703","7","2019","9","6","58"
"000000001312","7","2019","9","6","41"
"000000020087","1","2019","9","6","28"
"000000020203","1","2019","9","6","7"
"000000001591","4","2019","9","6","41"
"000000001102","1","2019","9","6","9"
"000000001541","0","2019","9","6","1"
"000000001012","6","2019","9","6","4135"
"000000001092","6","2019","9","6","1078"
"000000001256","6","2019","9","6","1216"
"000000001501","6","2019","9","6","5111"
"000000001508","3","2019","9","6","10551"
"000000003111","3","2019","9","6","1886"
"000000015010","2","2019","9","6","34472"
"000000020022","2","2019","9","6","12840"
"000000020083","6","2019","9","6","1036"
"000000020092","6","2019","9","6","779"
"000000020205","2","2019","9","6","16594"
"000000020907","6","2019","9","6","419"
"000000001522","3","2019","9","6","270"
"000000020046","6","2019","9","6","203"
"000000020074","3","2019","9","6","3101"
"000000200812","5","2019","9","6","303"
"000000020066","1","2019","9","6","22"
"000000020021","4","2019","9","6","252"
"000000001401","7","2019","9","6","274"
"000000201321","7","2019","9","6","37"
"000000001311","4","2019","9","6","104"
"000000020152","7","2019","9","6","54"
"000000001521","7","2019","9","6","38"
"000000001713","4","2019","9","6","58"
"000000020091","1","2019","9","6","20"
"000000001624","1","2019","9","6","10"
"000000020258","0","2019","9","6","3"
"000000001511","4","2019","9","6","11"
"000000020113","4","2019","9","6","11"
"000000001283","0","2019","9","6","15"
"000000001508","0","2019","9","6","8"
"000000001251","3","2019","9","6","680"
"000000020091","2","2019","9","6","11259"
"000000020252","6","2019","9","6","342"
"000000200716","2","2019","9","6","7053"
"000000001035","3","2019","9","6","1553"
"000000001711","3","2019","9","6","1340"
"000000020047","4","2019","9","6","746"
"000000031061","1","2019","9","6","94"
"000000001072","1","2019","9","6","175"
"000000020074","4","2019","9","6","213"
"000000001624","5","2019","9","6","52"
"000000001593","3","2019","9","6","361"
"000000001811","5","2019","9","6","322"
"000000001782","4","2019","9","6","9"
"000000001851","5","2019","9","6","85"
"000000003807","3","2019","9","6","36"
"000000020591","5","2019","9","6","40"
"000000020151","1","2019","9","6","11"
"000000020212","7","2019","9","6","47"
"000000001522","4","2019","9","6","14"
"000000003173","1","2019","9","6","5"
"000000001024","3","2019","9","6","808"
"000000001045","4","2019","9","6","81"
"000000001058","3","2019","9","6","748"
"000000020013","5","2019","9","6","720"
"000000020064","2","2019","9","6","8775"
"000000020094","2","2019","9","6","6033"
"000000020112","3","2019","9","6","3935"
"000000020153","2","2019","9","6","4227"
"000000020254","5","2019","9","6","320"
"000000020256","6","2019","9","6","600"
"000000001169","2","2019","9","6","2878"
"000000001282","3","2019","9","6","562"
"000000001803","3","2019","9","6","511"
"000000020201","7","2019","9","6","32"
"000000001054","7","2019","9","6","19"
"000000001053","5","2019","9","6","79"
"000000001031","5","2019","9","6","43"
"000000001131","4","2019","9","6","17"
"000000001542","1","2019","9","6","9"
"000000020522","4","2019","9","6","8"
"000000001761","1","2019","9","6","13"
"000000001506","0","2019","9","6","2"
"000000001500","5","2019","9","6","2355"
"000000003801","2","2019","9","6","6820"
"000000020075","6","2019","9","6","1815"
"000000020085","2","2019","9","6","12580"
"000000020088","3","2019","9","6","1089"
"000000020172","3","2019","9","6","1058"
"000000020211","2","2019","9","6","6042"
"000000200713","4","2019","9","6","149"
"000000001032","5","2019","9","6","178"
"000000001561","6","2019","9","6","100"
"000000001623","6","2019","9","6","159"
"000000001512","6","2019","9","6","94"
"000000020253","3","2019","9","6","926"
"000000001731","4","2019","9","6","4"
"000000020184","4","2019","9","6","198"
"000000001291","2","2019","9","6","946"
"000000001258","7","2019","9","6","173"
"000000020255","4","2019","9","6","24"
"000000003802","1","2019","9","6","28"
"000000001832","1","2019","9","6","4"
"000000020591","7","2019","9","6","20"
"000000001151","1","2019","9","6","1"
"000000001033","5","2019","9","6","994"
"000000001055","2","2019","9","6","2559"
"000000001070","6","2019","9","6","3824"
"000000001113","6","2019","9","6","712"
"000000001507","7","2019","9","6","193"
"000000020082","4","2019","9","6","41"
"000000020084","5","2019","9","6","211"
"000000020182","6","2019","9","6","443"
"000000200811","2","2019","9","6","18563"
"000000001013","4","2019","9","6","298"
"000000001046","3","2019","9","6","457"
"000000001712","3","2019","9","6","915"
"000000003803","4","2019","9","6","77"
"000000020076","5","2019","9","6","536"
"000000020067","6","2019","9","6","108"
"000000001182","3","2019","9","6","768"
"000000020071","7","2019","9","6","355"
"000000001253","4","2019","9","6","76"
"000000020181","7","2019","9","6","93"
"000000200720","1","2019","9","6","30"
"000000202104","3","2019","9","6","626"
"000000001581","5","2019","9","6","97"
"000000020093","1","2019","9","6","25"
"000000001851","7","2019","9","6","32"
"000000020241","7","2019","9","6","49"
"000000001523","4","2019","9","6","11"
"000000001811","7","2019","9","6","60"
"000000201082","7","2019","9","6","32"
"000000001051","7","2019","9","6","35"
"000000020078","0","2019","9","6","1"
"000000001014","2","2019","9","6","68739"
"000000001311","2","2019","9","6","5761"
"000000001511","2","2019","9","6","2499"
"000000003181","5","2019","9","6","183"
"000000015001","6","2019","9","6","2494"
"000000020019","6","2019","9","6","1709"
"000000020024","6","2019","9","6","376"
"000000020044","5","2019","9","6","283"
"000000020089","4","2019","9","6","78"
"000000020116","3","2019","9","6","1201"
"000000001223","5","2019","9","6","288"
"000000003111","1","2019","9","6","27"
"000000001832","2","2019","9","6","483"
"000000200718","4","2019","9","6","98"
"000000001025","5","2019","9","6","207"
"000000001043","7","2019","9","6","67"
"000000001703","4","2019","9","6","49"
"000000200171","7","2019","9","6","151"
"000000020204","4","2019","9","6","43"
"000000001552","7","2019","9","6","34"
"000000020032","7","2019","9","6","26"
"000000001282","4","2019","9","6","34"
"000000031021","1","2019","9","6","17"
"000000001023","7","2019","9","6","73"
"000000020563","7","2019","9","6","56"
"000000001717","6","2019","9","6","9"
"000000001508","1","2019","9","6","434"
"000000001713","2","2019","9","6","8251"
"000000020252","3","2019","9","6","783"
"000000020063","5","2019","9","6","298"
"000000001031","6","2019","9","6","71"
"000000001723","5","2019","9","6","102"
"000000020036","7","2019","9","6","31"
"000000020524","6","2019","9","6","171"
"000000001092","4","2019","9","6","126"
"000000020113","5","2019","9","6","18"
"000000001256","4","2019","9","6","69"
"000000001191","1","2019","9","6","21"
"000000001052","7","2019","9","6","44"
"000000003171","1","2019","9","6","12"
"000000001782","1","2019","9","6","14"
"000000001871","7","2019","9","6","9"
"000000001056","6","2019","9","6","215"
"000000001085","6","2019","9","6","1306"
"000000020021","2","2019","9","6","18409"
"000000020078","5","2019","9","6","363"
"000000020088","4","2019","9","6","73"
"000000001012","4","2019","9","6","1357"
"000000001053","6","2019","9","6","164"
"000000001621","3","2019","9","6","502"
"000000001224","6","2019","9","6","367"
"000000020115","3","2019","9","6","1528"
"000000020047","1","2019","9","6","228"
"000000010113","4","2019","9","6","82"
"000000001073","7","2019","9","6","285"
"000000001592","2","2019","9","6","1084"
"000000020113","2","2019","9","6","503"
"000000001631","5","2019","9","6","51"
"000000001058","4","2019","9","6","31"
"000000020074","1","2019","9","6","58"
"000000200711","4","2019","9","6","25"
"000000001771","7","2019","9","6","75"
"000000001679","5","2019","9","6","85"
"000000020301","1","2019","9","6","35"
"000000001522","1","2019","9","6","6"
"000000015010","0","2019","9","6","2"
"000000020118","0","2019","9","6","1"
"000000001271","2","2019","9","6","11208"
"000000001541","2","2019","9","6","2340"
"000000003111","6","2019","9","6","587"
"000000020074","6","2019","9","6","1874"
"000000020114","6","2019","9","6","478"
"000000200714","2","2019","9","6","10283"
"000000200723","6","2019","9","6","4686"
"000000001016","1","2019","9","6","98"
"000000001027","3","2019","9","6","566"
"000000001042","2","2019","9","6","3970"
"000000001504","5","2019","9","6","1740"
"000000020014","5","2019","9","6","708"
"000000020222","5","2019","9","6","336"
"000000202103","5","2019","9","6","126"
"000000201081","1","2019","9","6","217"
"000000001782","6","2019","9","6","97"
"000000001871","2","2019","9","6","590"
"000000001331","7","2019","9","6","48"
"000000020301","6","2019","9","6","126"
"000000020861","3","2019","9","6","363"
"000000001035","5","2019","9","6","220"
"000000020525","4","2019","9","6","87"
"000000001551","5","2019","9","6","76"
"000000001694","3","2019","9","6","338"
"000000020033","5","2019","9","6","81"
"000000001713","7","2019","9","6","54"
"000000001056","1","2019","9","6","34"
"000000003172","1","2019","9","6","16"
"000000001591","6","2019","9","6","31"
"000000001592","7","2019","9","6","28"
"000000020082","1","2019","9","6","23"
"000000001036","1","2019","9","6","7"
"000000001679","7","2019","9","6","28"
"000000020113","7","2019","9","6","7"
"000000001681","1","2019","9","6","11"
"000000001072","3","2019","9","6","7488"
"000000001086","2","2019","9","6","7116"
"000000001251","2","2019","9","6","5087"
"000000001254","2","2019","9","6","5578"
"000000001281","4","2019","9","6","40"
"000000001711","2","2019","9","6","10649"
"000000001771","2","2019","9","6","6012"
"000000003173","3","2019","9","6","591"
"000000020042","5","2019","9","6","2468"
"000000020119","4","2019","9","6","180"
"000000020202","2","2019","9","6","8130"
"000000031061","3","2019","9","6","3171"
"000000001741","2","2019","9","6","2033"
"000000020081","5","2019","9","6","222"
"000000200722","7","2019","9","6","123"
"000000001842","2","2019","9","6","3083"
"000000001102","3","2019","9","6","309"
"000000003181","7","2019","9","6","58"
"000000001025","7","2019","9","6","44"
"000000001401","0","2019","9","6","8"
"000000001502","0","2019","9","6","4"
"000000001016","4","2019","9","6","554"
"000000001027","6","2019","9","6","341"
"000000001114","2","2019","9","6","20722"
"000000001172","2","2019","9","6","3486"
"000000020011","5","2019","9","6","1681"
"000000020018","4","2019","9","6","184"
"000000020085","5","2019","9","6","392"
"000000031061","6","2019","9","6","1872"
"000000001055","5","2019","9","6","95"
"000000001112","6","2019","9","6","281"
"000000001831","2","2019","9","6","2305"
"000000020063","3","2019","9","6","1758"
"000000001090","4","2019","9","6","30"
"000000001321","5","2019","9","6","458"
"000000003801","5","2019","9","6","197"
"000000020094","5","2019","9","6","196"
"000000001211","3","2019","9","6","806"
"000000020211","5","2019","9","6","126"
"000000001723","3","2019","9","6","385"
"000000020079","1","2019","9","6","96"
"000000200812","1","2019","9","6","26"
"000000001721","7","2019","9","6","27"
"000000001624","7","2019","9","6","38"
"000000020119","7","2019","9","6","73"
"000000001223","0","2019","9","6","1"
"000000001069","5","2019","9","6","334"
"000000001071","6","2019","9","6","4307"
"000000001072","6","2019","9","6","3630"
"000000001321","2","2019","9","6","18666"
"000000001503","1","2019","9","6","167"
"000000001506","3","2019","9","6","8266"
"000000020062","6","2019","9","6","915"
"000000020065","2","2019","9","6","20953"
"000000020078","3","2019","9","6","2062"
"000000015012","1","2019","9","6","68"
"000000020041","4","2019","9","6","312"
"000000001631","3","2019","9","6","311"
"000000001056","4","2019","9","6","11"
"000000020153","5","2019","9","6","97"
"000000020091","7","2019","9","6","125"
"000000001651","3","2019","9","6","174"
"000000020861","6","2019","9","6","17"
"000000020521","7","2019","9","6","36"
"000000001632","1","2019","9","6","18"
"000000001694","6","2019","9","6","82"
"000000020066","7","2019","9","6","37"
"000000001717","4","2019","9","6","4"
"000000001681","4","2019","9","6","2"
"000000001015","2","2019","9","6","43315"
"000000001501","2","2019","9","6","66301"
"000000001841","2","2019","9","6","11342"
"000000020212","2","2019","9","6","8771"
"000000020907","2","2019","9","6","4841"
"000000200719","6","2019","9","6","719"
"000000001602","3","2019","9","6","294"
"000000001611","2","2019","9","6","4036"
"000000020019","4","2019","9","6","253"
"000000020151","6","2019","9","6","142"
"000000001036","4","2019","9","6","19"
"000000201081","4","2019","9","6","276"
"000000001102","6","2019","9","6","69"
"000000001671","3","2019","9","6","128"
"000000200716","7","2019","9","6","74"
"000000020524","4","2019","9","6","17"
"000000001291","5","2019","9","6","42"
"000000020061","1","2019","9","6","38"
"000000020185","7","2019","9","6","37"
"000000001032","2","2019","9","6","5532"
"000000001085","5","2019","9","6","261"
"000000001224","5","2019","9","6","227"
"000000015011","7","2019","9","6","181"
"000000020018","5","2019","9","6","453"
"000000020024","2","2019","9","6","2900"
"000000020086","6","2019","9","6","1124"
"000000020089","3","2019","9","6","915"
"000000020223","3","2019","9","6","1086"
"000000020254","2","2019","9","6","27981"
"000000201081","5","2019","9","6","291"
"000000001042","6","2019","9","6","144"
"000000001771","6","2019","9","6","267"
"000000015001","5","2019","9","6","1180"
"000000020524","5","2019","9","6","157"
"000000001711","6","2019","9","6","310"
"000000015002","7","2019","9","6","128"
"000000020036","6","2019","9","6","190"
"000000001242","7","2019","9","6","52"
"000000001161","6","2019","9","6","71"
"000000001511","1","2019","9","6","7"
"000000001311","1","2019","9","6","81"
"000000001751","6","2019","9","6","59"
"000000020621","7","2019","9","6","65"
"000000003181","1","2019","9","6","22"
"000000001331","1","2019","9","6","19"
"000000001679","1","2019","9","6","13"
"000000001693","4","2019","9","6","6"
"000000001592","1","2019","9","6","8"
"000000001012","3","2019","9","6","5762"
"000000001023","6","2019","9","6","628"
"000000001053","2","2019","9","6","3022"
"000000001256","3","2019","9","6","4879"
"000000001500","2","2019","9","6","58623"
"000000001741","6","2019","9","6","69"
"000000020012","7","2019","9","6","157"
"000000020076","2","2019","9","6","20798"
"000000020212","3","2019","9","6","1214"
"000000001011","4","2019","9","6","979"
"000000001043","6","2019","9","6","727"
"000000001312","3","2019","9","6","1275"
"000000020024","5","2019","9","6","106"
"000000020907","3","2019","9","6","626"
"000000001014","1","2019","9","6","428"
"000000001090","5","2019","9","6","275"
"000000001831","3","2019","9","6","293"
"000000020021","1","2019","9","6","262"
"000000003805","5","2019","9","6","31"
"000000001717","5","2019","9","6","59"
"000000020032","6","2019","9","6","95"
"000000001222","7","2019","9","6","46"
"000000020258","7","2019","9","6","123"
"000000001111","7","2019","9","6","15"
"000000001521","4","2019","9","6","32"
"000000020526","7","2019","9","6","52"
"000000020113","1","2019","9","6","6"
"000000001283","7","2019","9","6","2"
"000000001701","4","2019","9","6","1"
"000000001046","2","2019","9","6","4859"
"000000001401","6","2019","9","6","1521"
"000000001703","2","2019","9","6","7664"
"000000200718","2","2019","9","6","7433"
"000000001521","6","2019","9","6","238"
"000000020257","5","2019","9","6","710"
"000000001065","7","2019","9","6","198"
"000000001803","2","2019","9","6","4158"
"000000200711","2","2019","9","6","1732"
"000000020024","4","2019","9","6","54"
"000000201321","6","2019","9","6","190"
"000000001715","5","2019","9","6","76"
"000000020116","1","2019","9","6","26"
"000000001053","4","2019","9","6","16"
"000000001031","4","2019","9","6","34"
"000000200715","1","2019","9","6","29"
"000000001581","4","2019","9","6","9"
"000000003806","6","2019","9","6","20"
"000000005047","7","2019","9","6","28"
"000000001221","7","2019","9","6","18"
"000000020671","6","2019","9","6","1"
"000000001311","0","2019","9","6","1"
"000000000997","1","2019","9","6","315"
"000000001111","3","2019","9","6","568"
"000000015011","3","2019","9","6","5100"
"000000020063","6","2019","9","6","627"
"000000001054","3","2019","9","6","417"
"000000015012","4","2019","9","6","95"
"000000020082","7","2019","9","6","32"
"000000001851","3","2019","9","6","313"
"000000200721","1","2019","9","6","31"
"000000003172","7","2019","9","6","57"
"000000001252","1","2019","9","6","36"
"000000020018","7","2019","9","6","120"
"000000031031","1","2019","9","6","64"
"000000202103","1","2019","9","6","16"
"000000020591","3","2019","9","6","199"
"000000001681","7","2019","9","6","18"
"000000020091","0","2019","9","6","1"
"000000001014","3","2019","9","6","8768"
"000000001015","5","2019","9","6","1369"
"000000001017","3","2019","9","6","3722"
"000000001058","2","2019","9","6","5206"
"000000001256","2","2019","9","6","35581"
"000000001502","6","2019","9","6","5630"
"000000003804","6","2019","9","6","915"
"000000010113","5","2019","9","6","292"
"000000020021","3","2019","9","6","2789"
"000000020044","3","2019","9","6","1388"
"000000001038","7","2019","9","6","180"
"000000001092","5","2019","9","6","455"
"000000001331","3","2019","9","6","1341"
"000000020254","4","2019","9","6","162"
"000000001081","6","2019","9","6","705"
"000000001611","5","2019","9","6","147"
"000000020907","5","2019","9","6","124"
"000000001511","3","2019","9","6","360"
"000000020092","5","2019","9","6","223"
"000000020076","4","2019","9","6","272"
"000000020084","4","2019","9","6","83"
"000000001509","7","2019","9","6","306"
"000000001033","4","2019","9","6","312"
"000000020205","1","2019","9","6","65"
"000000001679","3","2019","9","6","287"
"000000001621","1","2019","9","6","10"
"000000001202","1","2019","9","6","17"
"000000001014","0","2019","9","6","12"
"000000020252","1","2019","9","6","46"
"000000001036","2","2019","9","6","3620"
"000000001044","3","2019","9","6","4176"
"000000001253","5","2019","9","6","716"
"000000020019","2","2019","9","6","16107"
"000000020051","1","2019","9","6","7"
"000000020184","5","2019","9","6","555"
"000000020906","4","2019","9","6","85"
"000000001321","3","2019","9","6","2645"
"000000001593","6","2019","9","6","73"
"000000001681","2","2019","9","6","2194"
"000000003182","6","2019","9","6","289"
"000000003804","4","2019","9","6","70"
"000000020065","3","2019","9","6","2184"
"000000001045","5","2019","9","6","124"
"000000001717","2","2019","9","6","2338"
"000000020082","5","2019","9","6","187"
"000000001081","4","2019","9","6","238"
"000000001611","3","2019","9","6","495"
"000000001842","6","2019","9","6","31"
"000000001132","1","2019","9","6","57"
"000000001131","5","2019","9","6","127"
"000000020151","4","2019","9","6","64"
"000000208001","7","2019","9","6","85"
"000000001012","0","2019","9","6","6"
"000000020671","4","2019","9","6","6"
"000000001601","7","2019","9","6","14"
"000000001723","1","2019","9","6","22"
"000000001256","0","2019","9","6","2"
"000000001651","1","2019","9","6","2"
"000000001016","2","2019","9","6","26569"
"000000001016","5","2019","9","6","909"
"000000001114","3","2019","9","6","3097"
"000000001224","2","2019","9","6","11297"
"000000001841","3","2019","9","6","1682"
"000000015001","2","2019","9","6","29354"
"000000020018","2","2019","9","6","11992"
"000000020203","4","2019","9","6","184"
"000000020524","2","2019","9","6","3859"
"000000001502","4","2019","9","6","517"
"000000020074","7","2019","9","6","167"
"000000031061","4","2019","9","6","366"
"000000003803","5","2019","9","6","192"
"000000001252","6","2019","9","6","226"
"000000003807","6","2019","9","6","24"
"000000003111","7","2019","9","6","149"
"000000020186","4","2019","9","6","74"
"000000001027","4","2019","9","6","35"
"000000001102","4","2019","9","6","14"
"000000031021","7","2019","9","6","11"
"000000001671","1","2019","9","6","21"
"000000001282","6","2019","9","6","333"
"000000015002","3","2019","9","6","5693"
"000000020012","3","2019","9","6","5909"
"000000020088","6","2019","9","6","1024"
"000000020561","2","2019","9","6","6379"
"000000200718","6","2019","9","6","721"
"000000001034","5","2019","9","6","1128"
"000000001065","1","2019","9","6","199"
"000000001622","2","2019","9","6","2050"
"000000001712","6","2019","9","6","370"
"000000020253","6","2019","9","6","499"
"000000001781","6","2019","9","6","36"
"000000020242","5","2019","9","6","128"
"000000020118","5","2019","9","6","264"
"000000020172","6","2019","9","6","152"
"000000001523","7","2019","9","6","36"
"000000020223","6","2019","9","6","81"
"000000020255","7","2019","9","6","50"
"000000001731","7","2019","9","6","31"
"000000001151","4","2019","9","6","5"
"000000020522","7","2019","9","6","40"
"000000001542","4","2019","9","6","14"
"000000001621","5","2019","9","6","167"
"000000020022","5","2019","9","6","473"
"000000001509","1","2019","9","6","406"
"000000020621","3","2019","9","6","467"
"000000001101","4","2019","9","6","31"
"000000003171","3","2019","9","6","1032"
"000000200715","5","2019","9","6","408"
"000000001761","4","2019","9","6","40"
"000000020184","7","2019","9","6","141"
"000000001255","1","2019","9","6","72"
"000000001803","6","2019","9","6","42"
"000000202104","6","2019","9","6","148"
"000000001038","1","2019","9","6","22"
"000000020241","0","2019","9","6","1"
"000000001716","4","2019","9","6","8"
"000000001191","2","2019","9","6","8646"
"000000001601","2","2019","9","6","1302"
"000000020205","4","2019","9","6","162"
"000000020525","3","2019","9","6","1032"
"000000200722","6","2019","9","6","882"
"000000003181","6","2019","9","6","332"
"000000200716","3","2019","9","6","734"
"000000001034","4","2019","9","6","537"
"000000001592","6","2019","9","6","27"
"000000020119","3","2019","9","6","2298"
"000000020908","1","2019","9","6","114"
"000000020301","5","2019","9","6","104"
"000000001511","6","2019","9","6","59"
"000000020019","7","2019","9","6","137"
"000000001224","7","2019","9","6","91"
"000000031021","5","2019","9","6","95"
"000000015010","4","2019","9","6","132"
"000000000999","0","2019","9","6","12"
"000000001191","5","2019","9","6","248"
"000000001711","1","2019","9","6","35"
"000000001721","3","2019","9","6","381"
"000000001541","1","2019","9","6","23"
"000000001251","1","2019","9","6","45"
"000000020243","1","2019","9","6","31"
"000000001053","7","2019","9","6","32"
"000000001021","0","2019","9","6","1"
"000000001258","3","2019","9","6","4384"
"000000003171","2","2019","9","6","7085"
"000000020044","6","2019","9","6","891"
"000000020047","2","2019","9","6","52011"
"000000020074","2","2019","9","6","22881"
"000000020114","5","2019","9","6","308"
"000000200715","4","2019","9","6","183"
"000000200723","5","2019","9","6","4750"
"000000001522","2","2019","9","6","1756"
"000000001033","7","2019","9","6","126"
"000000001602","6","2019","9","6","56"
"000000001624","3","2019","9","6","247"
"000000020185","3","2019","9","6","1126"
"000000020701","2","2019","9","6","1541"
"000000001691","5","2019","9","6","92"
"000000001086","1","2019","9","6","16"
"000000001254","1","2019","9","6","37"
"000000020024","7","2019","9","6","37"
"000000001161","1","2019","9","6","13"
"000000001717","7","2019","9","6","36"
"000000001042","1","2019","9","6","23"
"000000020221","1","2019","9","6","7"
"000000001593","1","2019","9","6","18"
"000000020525","0","2019","9","6","2"
"000000001025","6","2019","9","6","374"
"000000001508","2","2019","9","6","82866"
"000000003111","5","2019","9","6","422"
"000000020071","3","2019","9","6","7007"
"000000020078","6","2019","9","6","1449"
"000000020091","3","2019","9","6","1568"
"000000001591","2","2019","9","6","4022"
"000000020013","7","2019","9","6","204"
"000000001223","6","2019","9","6","184"
"000000001713","6","2019","9","6","191"
"000000020016","4","2019","9","6","195"
"000000020084","7","2019","9","6","87"
"000000001085","7","2019","9","6","114"
"000000001243","5","2019","9","6","157"
"000000001782","5","2019","9","6","58"
"000000001032","7","2019","9","6","49"
"000000020066","3","2019","9","6","148"
"000000001031","7","2019","9","6","44"
"000000020242","4","2019","9","6","22"
"000000001202","4","2019","9","6","49"
"000000020524","7","2019","9","6","41"
"000000001679","6","2019","9","6","67"
"000000001509","0","2019","9","6","7"
"000000001581","7","2019","9","6","48"
"000000200714","1","2019","9","6","21"
"000000001022","0","2019","9","6","1"
"000000001261","1","2019","9","6","23"
"000000001281","0","2019","9","6","3"
"000000001057","2","2019","9","6","4188"
"000000001065","3","2019","9","6","2657"
"000000001242","2","2019","9","6","7264"
"000000001283","2","2019","9","6","4110"
"000000001283","5","2019","9","6","94"
"000000001508","5","2019","9","6","3311"
"000000001812","2","2019","9","6","7504"
"000000020021","6","2019","9","6","1778"
"000000020047","5","2019","9","6","1461"
"000000020093","6","2019","9","6","429"
"000000200717","2","2019","9","6","6778"
"000000001281","3","2019","9","6","1388"
"000000001542","6","2019","9","6","208"
"000000001151","6","2019","9","6","67"
"000000001751","1","2019","9","6","10"
"000000003171","5","2019","9","6","206"
"000000003801","7","2019","9","6","40"
"000000020621","5","2019","9","6","115"
"000000001069","7","2019","9","6","126"
"000000001591","5","2019","9","6","110"
"000000200811","7","2019","9","6","81"
"000000200171","1","2019","9","6","34"
"000000020561","4","2019","9","6","30"
"000000020202","1","2019","9","6","33"
"000000020032","1","2019","9","6","22"
"000000020601","4","2019","9","6","21"
"000000001169","7","2019","9","6","25"
"000000020222","0","2019","9","6","10"
"000000020036","1","2019","9","6","4"
"000000001714","1","2019","9","6","16"
"000000001121","1","2019","9","6","7"
"000000001594","4","2019","9","6","2"
"000000200721","0","2019","9","6","1"
"000000001111","2","2019","9","6","3885"
"000000001201","2","2019","9","6","5141"
"000000003802","6","2019","9","6","532"
"000000015002","5","2019","9","6","1175"
"000000020012","2","2019","9","6","29723"
"000000020621","2","2019","9","6","2570"
"000000208001","5","2019","9","6","183"
"000000001021","3","2019","9","6","905"
"000000001073","1","2019","9","6","249"
"000000001500","7","2019","9","6","257"
"000000001221","3","2019","9","6","559"
"000000020562","2","2019","9","6","1683"
"000000001055","7","2019","9","6","37"
"000000001771","1","2019","9","6","7"
"000000001141","4","2019","9","6","38"
"000000000997","0","2019","9","6","4"
"000000001043","1","2019","9","6","33"
"000000020701","5","2019","9","6","48"
"000000020812","5","2019","9","6","53"
"000000001622","4","2019","9","6","12"
"000000001741","1","2019","9","6","3"
"000000000999","2","2019","9","6","44063"
"000000001022","2","2019","9","6","5091"
"000000001086","3","2019","9","6","962"
"000000001281","2","2019","9","6","13928"
"000000001721","2","2019","9","6","4267"
"000000015002","4","2019","9","6","233"
"000000020042","3","2019","9","6","3650"
"000000020115","6","2019","9","6","421"
"000000020205","6","2019","9","6","748"
"000000020525","2","2019","9","6","8554"
"000000200714","3","2019","9","6","595"
"000000200715","6","2019","9","6","1231"
"000000201082","5","2019","9","6","265"
"000000001261","3","2019","9","6","505"
"000000001507","5","2019","9","6","1090"
"000000020521","2","2019","9","6","2892"
"000000020801","3","2019","9","6","681"
"000000020185","5","2019","9","6","237"
"000000001502","1","2019","9","6","246"
"000000001541","3","2019","9","6","332"
"000000015012","6","2019","9","6","685"
"000000003111","4","2019","9","6","73"
"000000001842","3","2019","9","6","313"
"000000020221","3","2019","9","6","622"
"000000001027","1","2019","9","6","33"
"000000020062","1","2019","9","6","37"
"000000003171","4","2019","9","6","33"
"000000200719","1","2019","9","6","144"
"000000001161","3","2019","9","6","192"
"000000020204","7","2019","9","6","59"
"000000001112","1","2019","9","6","46"
"000000020701","4","2019","9","6","29"
"000000001711","0","2019","9","6","1"
"000000001073","0","2019","9","6","3"
"000000020908","0","2019","9","6","1"
"000000001271","3","2019","9","6","1033"
"000000001508","4","2019","9","6","498"
"000000020111","5","2019","9","6","809"
"000000001092","7","2019","9","6","95"
"000000001012","7","2019","9","6","133"
"000000001081","1","2019","9","6","115"
"000000001254","3","2019","9","6","605"
"000000020181","5","2019","9","6","310"
"000000001071","1","2019","9","6","246"
"000000001015","7","2019","9","6","136"
"000000001046","7","2019","9","6","33"
"000000001058","7","2019","9","6","38"
"000000020046","7","2019","9","6","59"
"000000020223","7","2019","9","6","59"
"000000020088","7","2019","9","6","75"
"000000001191","4","2019","9","6","52"
"000000020861","1","2019","9","6","27"
"000000200711","7","2019","9","6","33"
"000000208001","4","2019","9","6","11"
"000000001601","4","2019","9","6","4"
"000000001023","0","2019","9","6","1"
"000000001071","3","2019","9","6","10688"
"000000001081","3","2019","9","6","2181"
"000000001161","2","2019","9","6","1381"
"000000003182","5","2019","9","6","191"
"000000020908","2","2019","9","6","7040"
"000000031021","6","2019","9","6","116"
"000000001121","2","2019","9","6","2181"
"000000020091","4","2019","9","6","75"
"000000020563","2","2019","9","6","3199"
"000000200716","4","2019","9","6","104"
"000000200719","3","2019","9","6","1144"
"000000015001","1","2019","9","6","169"
"000000001017","7","2019","9","6","211"
"000000001022","4","2019","9","6","103"
"000000001223","7","2019","9","6","92"
"000000001252","5","2019","9","6","155"
"000000020041","1","2019","9","6","196"
"000000020021","7","2019","9","6","135"
"000000020701","6","2019","9","6","20"
"000000001261","5","2019","9","6","101"
"000000001081","0","2019","9","6","5"
"000000001721","4","2019","9","6","27"
"000000020521","4","2019","9","6","7"
"000000201321","0","2019","9","6","1"
"000000003805","1","2019","9","6","1"
"000000003804","0","2019","9","6","1"
"000000001035","2","2019","9","6","6741"
"000000200721","5","2019","9","6","355"
"000000001691","6","2019","9","6","84"
"000000020033","2","2019","9","6","4604"
"000000020067","3","2019","9","6","460"
"000000020071","4","2019","9","6","481"
"000000020523","5","2019","9","6","223"
"000000020117","2","2019","9","6","5502"
"000000020251","2","2019","9","6","2921"
"000000001623","3","2019","9","6","381"
"000000001013","1","2019","9","6","97"
"000000001631","7","2019","9","6","33"
"000000001851","4","2019","9","6","24"
"000000020201","4","2019","9","6","73"
"000000001258","4","2019","9","6","74"
"000000001523","1","2019","9","6","18"
"000000020224","1","2019","9","6","36"
"000000001723","7","2019","9","6","38"
"000000001701","1","2019","9","6","22"
"000000001112","3","2019","9","6","1340"
"000000020042","2","2019","9","6","34557"
"000000020062","3","2019","9","6","4461"
"000000020087","3","2019","9","6","1206"
"000000020203","3","2019","9","6","1886"
"000000020243","2","2019","9","6","8934"
"000000001243","6","2019","9","6","244"
"000000001593","2","2019","9","6","1966"
"000000020171","5","2019","9","6","139"
"000000020221","2","2019","9","6","4419"
"000000020811","2","2019","9","6","1981"
"000000020117","5","2019","9","6","580"
"000000020151","3","2019","9","6","469"
"000000031031","5","2019","9","6","657"
"000000001014","7","2019","9","6","244"
"000000001505","1","2019","9","6","137"
"000000020801","5","2019","9","6","171"
"000000001191","6","2019","9","6","163"
"000000003807","2","2019","9","6","200"
"000000020018","1","2019","9","6","43"
"000000001254","5","2019","9","6","132"
"000000001842","5","2019","9","6","90"
"000000020251","5","2019","9","6","115"
"000000020044","7","2019","9","6","105"
"000000001511","7","2019","9","6","27"
"000000001131","1","2019","9","6","19"
"000000001311","7","2019","9","6","7"
"000000001832","7","2019","9","6","4"
"000000020066","4","2019","9","6","7"
"000000001054","4","2019","9","6","41"
"000000001504","2","2019","9","6","61584"
"000000020014","2","2019","9","6","19739"
"000000001252","2","2019","9","6","4776"
"000000001507","4","2019","9","6","140"
"000000001561","3","2019","9","6","942"
"000000003182","2","2019","9","6","6722"
"000000001253","1","2019","9","6","118"
"000000005047","5","2019","9","6","168"
"000000001624","4","2019","9","6","5"
"000000020063","7","2019","9","6","86"
"000000020181","4","2019","9","6","96"
"000000020185","4","2019","9","6","56"
"000000020184","1","2019","9","6","51"
"000000001531","5","2019","9","6","60"
"000000200713","1","2019","9","6","101"
"000000001731","1","2019","9","6","3"
"000000001070","3","2019","9","6","7274"
"000000001113","3","2019","9","6","4579"
"000000001133","3","2019","9","6","764"
"000000001261","2","2019","9","6","4121"
"000000001551","2","2019","9","6","2205"
"000000020171","2","2019","9","6","5231"
"000000020801","2","2019","9","6","5160"
"000000001509","5","2019","9","6","2083"
"000000001512","3","2019","9","6","299"
"000000020256","3","2019","9","6","2438"
"000000201082","4","2019","9","6","481"
"000000020111","4","2019","9","6","203"
"000000001132","7","2019","9","6","109"
"000000001506","7","2019","9","6","238"
"000000020078","7","2019","9","6","159"
"000000001811","4","2019","9","6","32"
"000000020522","1","2019","9","6","25"
"000000020241","4","2019","9","6","51"
"000000020255","1","2019","9","6","25"
"000000001041","1","2019","9","6","15"
"000000001651","7","2019","9","6","23"
"000000001045","1","2019","9","6","14"
"000000020591","4","2019","9","6","8"
"000000001671","7","2019","9","6","7"
"000000001071","0","2019","9","6","3"
"000000000997","5","2019","9","6","11545"
"000000020075","3","2019","9","6","2878"
"000000020081","2","2019","9","6","4494"
"000000020222","2","2019","9","6","11671"
"000000031031","2","2019","9","6","19869"
"000000001011","1","2019","9","6","486"
"000000020031","5","2019","9","6","115"
"000000020051","7","2019","9","6","50"
"000000202103","2","2019","9","6","4711"
"000000001052","3","2019","9","6","804"
"000000020034","6","2019","9","6","451"
"000000001021","5","2019","9","6","213"
"000000001051","4","2019","9","6","35"
"000000003803","1","2019","9","6","40"
"000000001602","7","2019","9","6","36"
"000000001072","0","2019","9","6","6"
"000000001069","3","2019","9","6","1434"
"000000003803","2","2019","9","6","10148"
"000000020011","3","2019","9","6","7055"
"000000020075","4","2019","9","6","266"
"000000020184","2","2019","9","6","21905"
"000000020153","3","2019","9","6","552"
"000000020522","5","2019","9","6","107"
"000000001551","6","2019","9","6","133"
"000000001169","3","2019","9","6","311"
"000000020171","6","2019","9","6","66"
"000000001291","3","2019","9","6","168"
"000000001701","5","2019","9","6","43"
"000000001521","5","2019","9","6","129"
"000000001512","4","2019","9","6","34"
"000000020114","7","2019","9","6","83"
"000000001561","4","2019","9","6","25"
"000000001182","1","2019","9","6","62"
"000000001133","4","2019","9","6","32"
"000000003806","5","2019","9","6","12"
"000000202104","1","2019","9","6","11"
"000000001321","0","2019","9","6","3"
"000000001781","1","2019","9","6","3"
"000000001013","2","2019","9","6","22044"
"000000001045","2","2019","9","6","4354"
"000000001070","4","2019","9","6","258"
"000000001071","4","2019","9","6","450"
"000000001523","2","2019","9","6","2433"
"000000200721","6","2019","9","6","793"
"000000001712","1","2019","9","6","23"
"000000001731","5","2019","9","6","46"
"000000003801","3","2019","9","6","748"
"000000001113","4","2019","9","6","264"
"000000001523","5","2019","9","6","122"
"000000001524","5","2019","9","6","152"
"000000005045","5","2019","9","6","131"
"000000020033","6","2019","9","6","64"
"000000001243","7","2019","9","6","41"
"000000020112","1","2019","9","6","61"
"000000020253","1","2019","9","6","51"
"000000001661","5","2019","9","6","43"
"000000001282","1","2019","9","6","40"
"000000001046","1","2019","9","6","10"
"000000001211","1","2019","9","6","48"
"000000200711","1","2019","9","6","47"
"000000001024","1","2019","9","6","3"
"000000001114","0","2019","9","6","1"
"000000001015","4","2019","9","6","615"
"000000001506","2","2019","9","6","53035"
"000000015012","3","2019","9","6","3599"
"000000020018","6","2019","9","6","1493"
"000000020063","2","2019","9","6","9264"
"000000020112","5","2019","9","6","667"
"000000201081","6","2019","9","6","428"
"000000001501","4","2019","9","6","576"
"000000001631","2","2019","9","6","2048"
"000000003181","2","2019","9","6","8127"
"000000001114","4","2019","9","6","45"
"000000020046","4","2019","9","6","22"
"000000003805","6","2019","9","6","25"
"000000001172","4","2019","9","6","37"
"000000202104","5","2019","9","6","140"
"000000001261","7","2019","9","6","32"
"000000020908","7","2019","9","6","65"
"000000001611","4","2019","9","6","12"
"000000001715","4","2019","9","6","19"
"000000001251","7","2019","9","6","36"
"000000001243","1","2019","9","6","8"
"000000200714","7","2019","9","6","24"
"000000020221","7","2019","9","6","18"
"000000001841","4","2019","9","6","19"
"000000001691","1","2019","9","6","26"
"000000001016","6","2019","9","6","2423"
"000000001025","2","2019","9","6","3404"
"000000001505","6","2019","9","6","965"
"000000003803","6","2019","9","6","983"
"000000020041","6","2019","9","6","1546"
"000000020051","2","2019","9","6","2882"
"000000020078","2","2019","9","6","15765"
"000000020212","4","2019","9","6","132"
"000000001024","5","2019","9","6","214"
"000000001211","5","2019","9","6","123"
"000000001712","5","2019","9","6","234"
"000000020082","6","2019","9","6","239"
"000000200812","3","2019","9","6","1158"
"000000001044","4","2019","9","6","378"
"000000001632","3","2019","9","6","299"
"000000001723","2","2019","9","6","2382"
"000000020042","7","2019","9","6","122"
"000000020083","4","2019","9","6","129"
"000000020092","4","2019","9","6","88"
"000000020065","4","2019","9","6","196"
"000000020202","7","2019","9","6","51"
"000000020243","7","2019","9","6","76"
"000000001593","7","2019","9","6","47"
"000000001161","7","2019","9","6","32"
"000000003807","7","2019","9","6","1"
"000000015012","0","2019","9","6","1"
"000000001014","4","2019","9","6","1298"
"000000001034","2","2019","9","6","38570"
"000000001258","1","2019","9","6","165"
"000000015012","5","2019","9","6","710"
"000000020061","5","2019","9","6","283"
"000000020116","2","2019","9","6","7044"
"000000020242","2","2019","9","6","3562"
"000000200723","3","2019","9","6","9727"
"000000020045","7","2019","9","6","68"
"000000020301","3","2019","9","6","431"
"000000020905","7","2019","9","6","89"
"000000001331","4","2019","9","6","66"
"000000001591","3","2019","9","6","550"
"000000003804","7","2019","9","6","77"
"000000001661","7","2019","9","6","12"
"000000003806","7","2019","9","6","5"
"000000020521","1","2019","9","6","15"
"000000001693","7","2019","9","6","12"
"000000005045","7","2019","9","6","51"
"000000001141","2","2019","9","6","6577"
"000000001173","2","2019","9","6","3930"
"000000001202","2","2019","9","6","6139"
"000000001621","2","2019","9","6","4729"
"000000020212","6","2019","9","6","263"
"000000020252","5","2019","9","6","177"
"000000001017","4","2019","9","6","298"
"000000020119","1","2019","9","6","108"
"000000031021","3","2019","9","6","229"
"000000020115","5","2019","9","6","257"
"000000001692","7","2019","9","6","33"
"000000200722","4","2019","9","6","120"
"000000020701","3","2019","9","6","238"
"000000001312","6","2019","9","6","80"
"000000001592","4","2019","9","6","14"
"000000001721","1","2019","9","6","12"
"000000020012","0","2019","9","6","4"
"000000015002","0","2019","9","6","1"
"000000001503","2","2019","9","6","68612"
"000000020061","2","2019","9","6","9628"
"000000020062","7","2019","9","6","96"
"000000020079","5","2019","9","6","437"
"000000020085","6","2019","9","6","1064"
"000000001223","4","2019","9","6","63"
"000000001691","3","2019","9","6","530"
"000000020111","1","2019","9","6","155"
"000000001502","7","2019","9","6","365"
"000000001602","4","2019","9","6","7"
"000000020906","7","2019","9","6","61"
"000000020203","7","2019","9","6","87"
"000000020151","7","2019","9","6","54"
"000000001242","1","2019","9","6","58"
"000000020591","1","2019","9","6","20"
"000000001044","6","2019","9","6","1712"
"000000001072","7","2019","9","6","372"
"000000015012","2","2019","9","6","22945"
"000000020115","2","2019","9","6","10390"
"000000020252","2","2019","9","6","4217"
"000000020257","6","2019","9","6","782"
"000000001321","6","2019","9","6","323"
"000000003801","6","2019","9","6","514"
"000000003802","5","2019","9","6","209"
"000000020078","4","2019","9","6","236"
"000000001507","1","2019","9","6","140"
"000000031061","7","2019","9","6","184"
"000000001071","7","2019","9","6","376"
"000000001241","5","2019","9","6","115"
"000000020087","7","2019","9","6","103"
"000000200719","7","2019","9","6","74"
"000000001025","4","2019","9","6","27"
"000000001081","7","2019","9","6","55"
"000000001111","1","2019","9","6","22"
"000000001051","1","2019","9","6","16"
"000000001723","4","2019","9","6","14"
"000000001591","0","2019","9","6","1"
"000000202301","1","2019","9","6","18"
"000000001671","4","2019","9","6","13"
"000000001851","1","2019","9","6","9"
"000000001017","2","2019","9","6","28798"
"000000001033","6","2019","9","6","1240"
"000000001090","6","2019","9","6","687"
"000000020044","2","2019","9","6","10668"
"000000020205","3","2019","9","6","2574"
"000000200715","3","2019","9","6","2053"
"000000200722","2","2019","9","6","16144"
"000000001312","4","2019","9","6","77"
"000000001679","2","2019","9","6","3331"
"000000001202","3","2019","9","6","749"
"000000020182","7","2019","9","6","213"
"000000200723","1","2019","9","6","229"
"000000001331","5","2019","9","6","181"
"000000020051","5","2019","9","6","91"
"000000001046","4","2019","9","6","28"
"000000001681","6","2019","9","6","27"
"000000020086","7","2019","9","6","88"
"000000001171","7","2019","9","6","45"
"000000001602","5","2019","9","6","66"
"000000001511","5","2019","9","6","44"
"000000001751","7","2019","9","6","24"
"000000020223","4","2019","9","6","22"
"000000001591","1","2019","9","6","11"
"000000020701","1","2019","9","6","14"
"000000001714","7","2019","9","6","11"
"000000001034","0","2019","9","6","2"
"000000001052","6","2019","9","6","163"
"000000001069","2","2019","9","6","18969"
"000000001133","6","2019","9","6","116"
"000000020011","2","2019","9","6","51084"
"000000001781","3","2019","9","6","164"
"000000200718","3","2019","9","6","880"
"000000001505","4","2019","9","6","251"
"000000200711","3","2019","9","6","281"
"000000001241","1","2019","9","6","14"
"000000020111","7","2019","9","6","174"
"000000001716","1","2019","9","6","83"
"000000001101","1","2019","9","6","18"
"000000020562","7","2019","9","6","15"
"000000202301","7","2019","9","6","27"
"000000020611","1","2019","9","6","18"
"000000020063","0","2019","9","6","1"
"000000001211","0","2019","9","6","2"
"000000001042","5","2019","9","6","191"
"000000001052","2","2019","9","6","7198"
"000000001222","6","2019","9","6","134"
"000000001502","3","2019","9","6","11481"
"000000003804","3","2019","9","6","930"
"000000005045","3","2019","9","6","1351"
"000000020047","6","2019","9","6","1991"
"000000020256","2","2019","9","6","20166"
"000000020258","6","2019","9","6","984"
"000000201321","3","2019","9","6","1280"
"000000001086","5","2019","9","6","210"
"000000001623","2","2019","9","6","2603"
"000000020031","4","2019","9","6","65"
"000000020221","5","2019","9","6","118"
"000000031041","6","2019","9","6","103"
"000000020621","6","2019","9","6","185"
"000000020032","5","2019","9","6","89"
"000000020812","6","2019","9","6","48"
"000000001065","4","2019","9","6","140"
"000000001714","2","2019","9","6","597"
"000000020243","5","2019","9","6","226"
"000000020671","3","2019","9","6","193"
"000000001542","7","2019","9","6","29"
"000000001771","5","2019","9","6","176"
"000000001711","5","2019","9","6","233"
"000000020811","5","2019","9","6","67"
"000000003802","7","2019","9","6","45"
"000000001716","7","2019","9","6","99"
"000000001101","7","2019","9","6","41"
"000000001531","4","2019","9","6","12"
"000000001253","0","2019","9","6","2"
"000000001038","4","2019","9","6","73"
"000000001043","2","2019","9","6","6848"
"000000001171","2","2019","9","6","5455"
"000000001509","4","2019","9","6","293"
"000000001751","2","2019","9","6","2506"
"000000015002","6","2019","9","6","2459"
"000000020905","3","2019","9","6","1209"
"000000001541","5","2019","9","6","110"
"000000001741","5","2019","9","6","106"
"000000200714","5","2019","9","6","114"
"000000020908","5","2019","9","6","187"
"000000001552","5","2019","9","6","79"
"000000020186","3","2019","9","6","947"
"000000020511","3","2019","9","6","445"
"000000001601","6","2019","9","6","27"
"000000001521","3","2019","9","6","545"
"000000020202","5","2019","9","6","347"
"000000202639","6","2019","9","6","135"
"000000020084","1","2019","9","6","21"
"000000001241","7","2019","9","6","38"
"000000001224","1","2019","9","6","47"
"000000020019","1","2019","9","6","72"
"000000001085","1","2019","9","6","20"
"000000001581","1","2019","9","6","7"
"000000003806","3","2019","9","6","40"
"000000001011","0","2019","9","6","3"
"000000020024","1","2019","9","6","9"
"000000001073","2","2019","9","6","52970"
"000000001283","6","2019","9","6","145"
"000000003171","6","2019","9","6","258"
"000000020012","6","2019","9","6","2049"
"000000020032","2","2019","9","6","3915"
"000000020036","2","2019","9","6","2255"
"000000020086","2","2019","9","6","10673"
"000000020182","2","2019","9","6","16440"
"000000020183","6","2019","9","6","509"
"000000020906","3","2019","9","6","944"
"000000200171","2","2019","9","6","13099"
"000000001161","5","2019","9","6","43"
"000000001201","6","2019","9","6","378"
"000000001522","6","2019","9","6","185"
"000000020013","1","2019","9","6","156"
"000000001251","5","2019","9","6","174"
"000000001032","1","2019","9","6","23"
"000000020526","6","2019","9","6","72"
"000000001693","3","2019","9","6","310"
"000000001661","3","2019","9","6","176"
"000000001717","1","2019","9","6","14"
"000000001151","7","2019","9","6","29"
"000000001221","4","2019","9","6","27"
"000000020524","1","2019","9","6","15"
"000000001031","1","2019","9","6","5"
"000000001053","1","2019","9","6","32"
"000000001761","7","2019","9","6","38"
"000000001033","2","2019","9","6","29898"
"000000001073","6","2019","9","6","3804"
"000000001086","6","2019","9","6","889"
"000000001092","3","2019","9","6","1702"
"000000020019","5","2019","9","6","654"
"000000020204","3","2019","9","6","1062"
"000000001056","5","2019","9","6","97"
"000000001581","2","2019","9","6","3648"
"000000001121","6","2019","9","6","130"
"000000001171","6","2019","9","6","143"
"000000001552","6","2019","9","6","268"
"000000020046","3","2019","9","6","665"
"000000001017","1","2019","9","6","134"
"000000001036","5","2019","9","6","102"
"000000005045","4","2019","9","6","414"
"000000020183","7","2019","9","6","126"
"000000003172","5","2019","9","6","187"
"000000001201","7","2019","9","6","52"
"000000001871","6","2019","9","6","17"
"000000200722","1","2019","9","6","78"
"000000020044","1","2019","9","6","46"
"000000001801","7","2019","9","6","51"
"000000001524","4","2019","9","6","22"
"000000202639","7","2019","9","6","24"
"000000001057","7","2019","9","6","34"
"000000001661","4","2019","9","6","6"
"000000001712","0","2019","9","6","1"
"000000001015","3","2019","9","6","5464"
"000000001031","2","2019","9","6","2623"
"000000001085","2","2019","9","6","9400"
"000000001172","3","2019","9","6","406"
"000000001401","4","2019","9","6","68"
"000000001501","3","2019","9","6","11800"
"000000001541","6","2019","9","6","216"
"000000001703","3","2019","9","6","923"
"000000010113","3","2019","9","6","1814"
"000000020013","2","2019","9","6","20344"
"000000020084","2","2019","9","6","8285"
"000000020202","6","2019","9","6","442"
"000000200171","6","2019","9","6","1528"
"000000020905","4","2019","9","6","93"
"000000020908","6","2019","9","6","476"
"000000031041","7","2019","9","6","10"
"000000201321","4","2019","9","6","94"
"000000020083","3","2019","9","6","1044"
"000000020563","6","2019","9","6","109"
"000000001041","4","2019","9","6","85"
"000000001812","7","2019","9","6","21"
"000000001715","3","2019","9","6","517"
"000000001025","1","2019","9","6","32"
"000000200717","7","2019","9","6","71"
"000000020511","4","2019","9","6","38"
"000000001692","4","2019","9","6","21"
"000000001681","5","2019","9","6","60"
"000000020812","7","2019","9","6","43"
"000000001223","1","2019","9","6","31"
"000000020224","4","2019","9","6","51"
"000000001713","1","2019","9","6","21"
"000000003806","4","2019","9","6","3"
"000000001058","0","2019","9","6","2"
"000000001013","3","2019","9","6","2691"
"000000001072","2","2019","9","6","48832"
"000000001073","5","2019","9","6","1950"
"000000001133","2","2019","9","6","5532"
"000000001512","2","2019","9","6","2603"
"000000020181","6","2019","9","6","348"
"000000020256","5","2019","9","6","586"
"000000200717","6","2019","9","6","746"
"000000001057","6","2019","9","6","433"
"000000001111","6","2019","9","6","53"
"000000001171","5","2019","9","6","170"
"000000001561","2","2019","9","6","5466"
"000000020079","7","2019","9","6","147"
"000000020182","5","2019","9","6","386"
"000000200171","5","2019","9","6","471"
"000000020522","3","2019","9","6","452"
"000000020562","6","2019","9","6","15"
"000000020254","1","2019","9","6","269"
"000000200812","7","2019","9","6","71"
"000000001623","5","2019","9","6","94"
"000000202103","4","2019","9","6","69"
"000000200811","1","2019","9","6","413"
"000000020115","7","2019","9","6","84"
"000000001052","5","2019","9","6","155"
"000000001751","5","2019","9","6","62"
"000000020251","4","2019","9","6","49"
"000000020222","4","2019","9","6","76"
"000000003801","1","2019","9","6","17"
"000000001055","1","2019","9","6","18"
"000000001291","1","2019","9","6","12"
"000000001013","0","2019","9","6","2"
"000000001041","3","2019","9","6","1806"
"000000001070","2","2019","9","6","50955"
"000000001253","3","2019","9","6","4250"
"000000020067","2","2019","9","6","2959"
"000000020075","2","2019","9","6","23020"
"000000020087","2","2019","9","6","9519"
"000000020111","6","2019","9","6","697"
"000000020184","3","2019","9","6","2246"
"000000200713","3","2019","9","6","1941"
"000000001694","2","2019","9","6","1914"
"000000020014","4","2019","9","6","329"
"000000020201","6","2019","9","6","209"
"000000020036","5","2019","9","6","80"
"000000001504","4","2019","9","6","277"
"000000003182","4","2019","9","6","65"
"000000020011","1","2019","9","6","141"
"000000020076","1","2019","9","6","72"
"000000001512","5","2019","9","6","77"
"000000001523","3","2019","9","6","282"
"000000020117","4","2019","9","6","66"
"000000020018","0","2019","9","6","3"
"000000020184","0","2019","9","6","1"
"000000001113","2","2019","9","6","38537"
"000000001503","7","2019","9","6","399"
"000000001507","6","2019","9","6","864"
"000000200721","4","2019","9","6","122"
"000000202301","6","2019","9","6","93"
"000000001043","5","2019","9","6","184"
"000000003803","3","2019","9","6","876"
"000000015011","6","2019","9","6","761"
"000000020086","5","2019","9","6","271"
"000000020081","4","2019","9","6","46"
"000000020861","2","2019","9","6","2828"
"000000001169","1","2019","9","6","21"
"000000001500","1","2019","9","6","273"
"000000001035","4","2019","9","6","41"
"000000020224","3","2019","9","6","792"
"000000001551","4","2019","9","6","14"
"000000001701","3","2019","9","6","175"
"000000020033","4","2019","9","6","59"
"000000020591","6","2019","9","6","14"
"000000020153","1","2019","9","6","15"
"000000003172","0","2019","9","6","1"
"000000001044","2","2019","9","6","41760"
"000000001132","3","2019","9","6","1633"
"000000010113","2","2019","9","6","11425"
"000000020046","2","2019","9","6","3940"
"000000020051","3","2019","9","6","431"
"000000020064","5","2019","9","6","445"
"000000020083","2","2019","9","6","8352"
"000000020087","6","2019","9","6","1127"
"000000020092","2","2019","9","6","9841"
"000000020203","6","2019","9","6","688"
"000000020257","2","2019","9","6","26079"
"000000200811","5","2019","9","6","541"
"000000001715","2","2019","9","6","3818"
"000000003173","6","2019","9","6","157"
"000000015001","4","2019","9","6","229"
"000000003172","4","2019","9","6","32"
"000000001169","5","2019","9","6","59"
"000000003805","4","2019","9","6","10"
"000000001017","0","2019","9","6","2"
"000000020525","7","2019","9","6","41"
"000000001224","4","2019","9","6","9"
"000000020044","0","2019","9","6","2"
"000000000997","3","2019","9","6","2025"
"000000001258","2","2019","9","6","37530"
"000000020185","2","2019","9","6","7201"
"000000020201","2","2019","9","6","7136"
"000000031031","3","2019","9","6","2839"
"000000200721","3","2019","9","6","1824"
"000000200812","6","2019","9","6","972"
"000000001222","5","2019","9","6","164"
"000000001241","6","2019","9","6","184"
"000000015011","5","2019","9","6","862"
"000000020114","4","2019","9","6","74"
"000000020258","5","2019","9","6","868"
"000000001111","5","2019","9","6","116"
"000000001252","3","2019","9","6","812"
"000000001242","5","2019","9","6","185"
"000000020257","7","2019","9","6","129"
"000000020611","6","2019","9","6","188"
"000000001101","6","2019","9","6","71"
"000000202301","5","2019","9","6","80"
"000000001051","2","2019","9","6","5462"
"000000001507","2","2019","9","6","38218"
"000000020014","3","2019","9","6","3268"
"000000020061","6","2019","9","6","718"
"000000020081","3","2019","9","6","693"
"000000200723","4","2019","9","6","872"
"000000001851","2","2019","9","6","3631"
"000000020031","3","2019","9","6","642"
"000000020033","3","2019","9","6","592"
"000000020065","7","2019","9","6","181"
"000000020171","3","2019","9","6","572"
"000000020251","3","2019","9","6","386"
"000000001624","2","2019","9","6","2376"
"000000020222","3","2019","9","6","1275"
"000000001611","7","2019","9","6","61"
"000000200717","5","2019","9","6","237"
"000000001044","7","2019","9","6","217"
"000000001057","5","2019","9","6","175"
"000000001243","4","2019","9","6","21"
"000000001133","1","2019","9","6","14"
"000000020562","5","2019","9","6","97"
"000000001501","5","2019","9","6","2766"
"000000020065","5","2019","9","6","480"
"000000020204","2","2019","9","6","9401"
"000000200722","3","2019","9","6","1889"
"000000001034","1","2019","9","6","790"
"000000001044","5","2019","9","6","1097"
"000000001114","5","2019","9","6","524"
"000000001311","3","2019","9","6","586"
"000000001312","5","2019","9","6","212"
"000000020046","5","2019","9","6","126"
"000000020152","6","2019","9","6","197"
"000000020511","6","2019","9","6","166"
"000000001255","7","2019","9","6","112"
"000000003181","3","2019","9","6","787"
"000000020212","5","2019","9","6","234"
"000000001021","7","2019","9","6","49"
"000000001172","5","2019","9","6","119"
"000000020022","1","2019","9","6","50"
"000000001693","6","2019","9","6","72"
"000000001831","5","2019","9","6","47"
"000000001032","4","2019","9","6","54"
"000000020113","3","2019","9","6","61"
"000000020115","1","2019","9","6","45"
"000000001592","3","2019","9","6","198"
"000000001661","6","2019","9","6","35"
"000000001012","2","2019","9","6","40501"
"000000001092","2","2019","9","6","11660"
"000000001282","2","2019","9","6","5787"
"000000001312","2","2019","9","6","8847"
"000000020045","6","2019","9","6","550"
"000000020088","2","2019","9","6","7178"
"000000020089","2","2019","9","6","6810"
"000000020223","2","2019","9","6","8369"
"000000020523","7","2019","9","6","69"
"000000020906","6","2019","9","6","591"
"000000001025","3","2019","9","6","668"
"000000020013","4","2019","9","6","295"
"000000020186","6","2019","9","6","335"
"000000020905","6","2019","9","6","624"
"000000001713","3","2019","9","6","969"
"000000001841","5","2019","9","6","224"
"000000020083","5","2019","9","6","277"
"000000001085","4","2019","9","6","51"
"000000001223","3","2019","9","6","1281"
"000000001781","2","2019","9","6","1368"
"000000001692","6","2019","9","6","214"
"000000001022","7","2019","9","6","55"
"000000001281","7","2019","9","6","71"
"000000005045","6","2019","9","6","40"
"000000001173","1","2019","9","6","28"
"000000020183","3","2019","9","6","2329"
"000000200720","4","2019","9","6","121"
"000000001222","3","2019","9","6","709"
"000000001594","2","2019","9","6","1407"
"000000031041","3","2019","9","6","530"
"000000001058","6","2019","9","6","133"
"000000020116","5","2019","9","6","230"
"000000020526","3","2019","9","6","690"
"000000200711","6","2019","9","6","158"
"000000001021","1","2019","9","6","30"
"000000001182","6","2019","9","6","75"
"000000005047","1","2019","9","6","104"
"000000001173","5","2019","9","6","120"
"000000001141","5","2019","9","6","138"
"000000001045","7","2019","9","6","58"
"000000020093","4","2019","9","6","50"
"000000001253","7","2019","9","6","192"
"000000001013","7","2019","9","6","32"
"000000003803","7","2019","9","6","70"
"000000001701","7","2019","9","6","19"
"000000020523","1","2019","9","6","29"
"000000020111","0","2019","9","6","4"
"000000000999","1","2019","9","6","73"
"000000001283","3","2019","9","6","312"
"000000001812","3","2019","9","6","980"
"000000003802","4","2019","9","6","43"
"000000020112","6","2019","9","6","648"
"000000020118","2","2019","9","6","9030"
"000000020205","5","2019","9","6","497"
"000000020258","3","2019","9","6","3742"
"000000020601","2","2019","9","6","5301"
"000000202639","3","2019","9","6","583"
"000000001046","6","2019","9","6","187"
"000000001201","3","2019","9","6","732"
"000000001202","5","2019","9","6","203"
"000000015010","5","2019","9","6","1051"
"000000020204","6","2019","9","6","487"
"000000020016","5","2019","9","6","412"
"000000001022","1","2019","9","6","32"
"000000200713","7","2019","9","6","196"
"000000208001","3","2019","9","6","873"
"000000001505","7","2019","9","6","272"
"000000020812","3","2019","9","6","158"
"000000001221","1","2019","9","6","30"
"000000001281","1","2019","9","6","46"
"000000020611","4","2019","9","6","43"
"000000001241","4","2019","9","6","21"
"000000001601","3","2019","9","6","132"
"000000201082","0","2019","9","6","2"
"000000001507","0","2019","9","6","3"
"000000015011","0","2019","9","6","2"
"000000001242","0","2019","9","6","1"
"000000020012","1","2019","9","6","72"
"000000020093","2","2019","9","6","5783"
"000000001141","3","2019","9","6","1025"
"000000001173","3","2019","9","6","541"
"000000020153","6","2019","9","6","123"
"000000001024","4","2019","9","6","53"
"000000001151","2","2019","9","6","1525"
"000000001713","5","2019","9","6","194"
"000000020093","5","2019","9","6","157"
"000000020611","2","2019","9","6","4385"
"000000001561","7","2019","9","6","109"
"000000001594","3","2019","9","6","160"
"000000020561","3","2019","9","6","601"
"000000015002","1","2019","9","6","104"
"000000001283","1","2019","9","6","174"
"000000001812","1","2019","9","6","30"
"000000001201","1","2019","9","6","26"
"000000202104","4","2019","9","6","48"
"000000020812","1","2019","9","6","5"
"000000202639","1","2019","9","6","15"
"000000020621","1","2019","9","6","5"
"000000001101","2","2019","9","6","4548"
"000000001500","6","2019","9","6","4953"
"000000001716","5","2019","9","6","365"
"000000015010","3","2019","9","6","6933"
"000000020013","6","2019","9","6","1873"
"000000020016","3","2019","9","6","1897"
"000000020076","6","2019","9","6","1791"
"000000020084","6","2019","9","6","1055"
"000000020254","6","2019","9","6","117"
"000000200720","5","2019","9","6","372"
"000000020075","7","2019","9","6","147"
"000000020172","4","2019","9","6","135"
"000000020258","1","2019","9","6","126"
"000000020253","4","2019","9","6","58"
"000000001803","4","2019","9","6","11"
"000000001151","5","2019","9","6","45"
"000000020861","7","2019","9","6","31"
"000000001182","4","2019","9","6","103"
"000000001832","5","2019","9","6","17"
"000000001801","1","2019","9","6","12"
"000000001601","1","2019","9","6","5"
"000000001694","7","2019","9","6","17"
"000000001014","5","2019","9","6","1913"
"000000001241","2","2019","9","6","3754"
"000000001622","3","2019","9","6","322"
"000000001716","2","2019","9","6","16616"
"000000001761","2","2019","9","6","3128"
"000000003802","2","2019","9","6","6989"
"000000020118","3","2019","9","6","1498"
"000000200720","2","2019","9","6","9928"
"000000001211","4","2019","9","6","74"
"000000020067","7","2019","9","6","40"
"000000020242","3","2019","9","6","548"
"000000001070","7","2019","9","6","298"
"000000020112","4","2019","9","6","144"
"000000001132","4","2019","9","6","78"
"000000001651","4","2019","9","6","12"
"000000208001","1","2019","9","6","10"
"000000001311","5","2019","9","6","108"
"000000001512","7","2019","9","6","32"
"000000031041","1","2019","9","6","2"
"000000001072","4","2019","9","6","493"
"000000001131","2","2019","9","6","4278"
"000000001500","3","2019","9","6","9956"
"000000001505","2","2019","9","6","58339"
"000000020081","6","2019","9","6","262"
"000000020064","3","2019","9","6","1342"
"000000020087","4","2019","9","6","88"
"000000020255","5","2019","9","6","137"
"000000001011","5","2019","9","6","430"
"000000001041","5","2019","9","6","305"
"000000020031","6","2019","9","6","77"
"000000020067","4","2019","9","6","71"
"000000020224","5","2019","9","6","143"
"000000200723","7","2019","9","6","252"
"000000200718","1","2019","9","6","27"
"000000020034","7","2019","9","6","47"
"000000020172","1","2019","9","6","12"
"000000001803","1","2019","9","6","18"
"000000020064","0","2019","9","6","11"
"000000001044","0","2019","9","6","6"
"000000001032","6","2019","9","6","470"
"000000001034","3","2019","9","6","5133"
"000000001542","2","2019","9","6","1485"
"000000020021","5","2019","9","6","1655"
"000000020022","3","2019","9","6","2601"
"000000200811","6","2019","9","6","722"
"000000001017","5","2019","9","6","884"
"000000020601","3","2019","9","6","703"
"000000200722","5","2019","9","6","545"
"000000001069","6","2019","9","6","192"
"000000001133","7","2019","9","6","75"
"000000020256","7","2019","9","6","127"
"000000001291","6","2019","9","6","459"
"000000001113","7","2019","9","6","174"
"000000001712","4","2019","9","6","53"
"000000001169","6","2019","9","6","53"
"000000020183","1","2019","9","6","43"
"000000001592","5","2019","9","6","50"
"000000001581","6","2019","9","6","69"
"000000020526","1","2019","9","6","14"
"000000001222","1","2019","9","6","31"
"000000001623","7","2019","9","6","74"
"000000001253","2","2019","9","6","44922"
"000000020014","6","2019","9","6","1932"
"000000020076","3","2019","9","6","2940"
"000000020082","2","2019","9","6","2885"
"000000020222","6","2019","9","6","320"
"000000020254","3","2019","9","6","1553"
"000000031031","6","2019","9","6","1857"
"000000200811","3","2019","9","6","3912"
"000000001731","2","2019","9","6","1861"
"000000020251","6","2019","9","6","228"
"000000020255","2","2019","9","6","5491"
"000000200713","5","2019","9","6","551"
"000000000997","6","2019","9","6","65"
"000000001693","5","2019","9","6","67"
"000000020117","6","2019","9","6","359"
"000000001531","6","2019","9","6","125"
"000000001058","1","2019","9","6","28"
"000000001694","4","2019","9","6","3"
"000000001691","7","2019","9","6","34"
"000000020065","0","2019","9","6","1"
"000000020861","4","2019","9","6","37"
"000000020011","0","2019","9","6","1"
"000000001072","5","2019","9","6","2085"
"000000001112","2","2019","9","6","7897"
"000000001258","6","2019","9","6","1159"
"000000001502","2","2019","9","6","70407"
"000000003805","3","2019","9","6","114"
"000000020018","3","2019","9","6","2242"
"000000020071","6","2019","9","6","3474"
"000000020075","5","2019","9","6","585"
"000000020091","6","2019","9","6","798"
"000000020087","5","2019","9","6","298"
"000000001624","6","2019","9","6","100"
"000000001621","7","2019","9","6","64"
"000000001251","4","2019","9","6","95"
"000000020202","4","2019","9","6","141"
"000000020242","7","2019","9","6","33"
"000000020116","7","2019","9","6","72"
"000000020563","4","2019","9","6","34"
"000000020811","4","2019","9","6","16"
"000000020024","0","2019","9","6","1"
"000000001741","4","2019","9","6","5"
"000000020013","0","2019","9","6","1"
"000000001224","0","2019","9","6","1"
"000000001054","6","2019","9","6","248"
"000000001081","2","2019","9","6","17826"
"000000001102","2","2019","9","6","2024"
"000000015010","7","2019","9","6","187"
"000000020203","2","2019","9","6","15685"
"000000020241","6","2019","9","6","411"
"000000001086","4","2019","9","6","77"
"000000001811","6","2019","9","6","174"
"000000020042","4","2019","9","6","369"
"000000001681","3","2019","9","6","313"
"000000020257","1","2019","9","6","201"
"000000001711","4","2019","9","6","68"
"000000020205","7","2019","9","6","118"
"000000001044","1","2019","9","6","114"
"000000020022","7","2019","9","6","76"
"000000001051","6","2019","9","6","59"
"000000001133","5","2019","9","6","133"
"000000020092","1","2019","9","6","22"
"000000020094","1","2019","9","6","23"
"000000003807","4","2019","9","6","3"
"000000001611","1","2019","9","6","46"
"000000001851","6","2019","9","6","34"
"000000020066","6","2019","9","6","7"
"000000001021","6","2019","9","6","583"
"000000001022","6","2019","9","6","590"
"000000001038","6","2019","9","6","1169"
"000000001085","3","2019","9","6","1358"
"000000001509","6","2019","9","6","1589"
"000000003173","5","2019","9","6","160"
"000000020522","2","2019","9","6","3120"
"000000200171","4","2019","9","6","187"
"000000200716","6","2019","9","6","609"
"000000001043","4","2019","9","6","65"
"000000001581","3","2019","9","6","419"
"000000020511","2","2019","9","6","2960"
"000000020521","6","2019","9","6","237"
"000000020525","6","2019","9","6","179"
"000000001500","0","2019","9","6","31"
"000000020032","4","2019","9","6","57"
"000000001552","4","2019","9","6","21"
"000000001692","5","2019","9","6","107"
"000000020256","4","2019","9","6","99"
"000000020671","5","2019","9","6","32"
"000000001092","1","2019","9","6","39"
"000000001023","4","2019","9","6","87"
"000000020212","1","2019","9","6","42"
"000000020601","7","2019","9","6","51"
"000000001141","7","2019","9","6","86"
"000000003806","2","2019","9","6","233"
"000000020088","1","2019","9","6","21"
"000000001751","4","2019","9","6","8"
"000000001714","4","2019","9","6","2"
"000000001023","2","2019","9","6","6738"
"000000001401","3","2019","9","6","6825"
"000000001508","6","2019","9","6","5987"
"000000001552","2","2019","9","6","1898"
"000000020045","3","2019","9","6","715"
"000000020152","3","2019","9","6","560"
"000000001255","4","2019","9","6","74"
"000000001692","3","2019","9","6","521"
"000000208001","6","2019","9","6","167"
"000000001524","3","2019","9","6","676"
"000000020523","4","2019","9","6","72"
"000000001593","5","2019","9","6","155"
"000000005047","4","2019","9","6","78"
"000000001121","5","2019","9","6","75"
"000000020563","5","2019","9","6","168"
"000000001021","4","2019","9","6","74"
"000000200720","7","2019","9","6","89"
"000000001271","5","2019","9","6","161"
"000000001033","1","2019","9","6","195"
"000000001812","6","2019","9","6","83"
"000000001090","1","2019","9","6","58"
"000000020093","7","2019","9","6","48"
"000000001871","5","2019","9","6","20"
"000000020611","7","2019","9","6","50"
"000000001524","0","2019","9","6","1"
"000000003807","5","2019","9","6","4"
"000000001714","5","2019","9","6","13"
"000000000999","6","2019","9","6","3043"
"000000001032","3","2019","9","6","950"
"000000001033","3","2019","9","6","3999"
"000000001090","3","2019","9","6","1829"
"000000001224","3","2019","9","6","1021"
"000000001255","6","2019","9","6","493"
"000000001401","5","2019","9","6","1010"
"000000001502","5","2019","9","6","2948"
"000000020045","5","2019","9","6","155"
"000000020119","6","2019","9","6","604"
"000000001521","2","2019","9","6","3618"
"000000001661","2","2019","9","6","1369"
"000000001693","2","2019","9","6","2567"
"000000020186","5","2019","9","6","248"
"000000200719","5","2019","9","6","291"
"000000020024","3","2019","9","6","552"
"000000001501","1","2019","9","6","235"
"000000001012","1","2019","9","6","214"
"000000001721","6","2019","9","6","29"
"000000020016","7","2019","9","6","123"
"000000020036","4","2019","9","6","31"
"000000001027","5","2019","9","6","185"
"000000001031","3","2019","9","6","297"
"000000020511","5","2019","9","6","126"
"000000020223","1","2019","9","6","20"
"000000001312","1","2019","9","6","54"
"000000001622","7","2019","9","6","32"
"000000001102","5","2019","9","6","51"
"000000020046","1","2019","9","6","12"
"000000020907","1","2019","9","6","14"
"000000001172","1","2019","9","6","21"
"000000020254","0","2019","9","6","1"
"000000001015","1","2019","9","6","1"
"000000001038","3","2019","9","6","2164"
"000000001716","6","2019","9","6","523"
"000000001801","2","2019","9","6","2858"
"000000015011","2","2019","9","6","33978"
"000000202639","2","2019","9","6","3435"
"000000020183","5","2019","9","6","444"
"000000020211","7","2019","9","6","59"
"000000001311","6","2019","9","6","33"
"000000020076","7","2019","9","6","167"
"000000020254","7","2019","9","6","110"
"000000020182","1","2019","9","6","38"
"000000001601","5","2019","9","6","43"
"000000020086","1","2019","9","6","28"
"000000020153","7","2019","9","6","34"
"000000020563","1","2019","9","6","12"
"000000000999","3","2019","9","6","2297"
"000000001014","6","2019","9","6","2981"
"000000001222","2","2019","9","6","4784"
"000000001509","3","2019","9","6","10270"
"000000005047","3","2019","9","6","2413"
"000000020183","2","2019","9","6","16772"
"000000020258","2","2019","9","6","29149"
"000000020526","2","2019","9","6","7483"
"000000031041","2","2019","9","6","1303"
"000000200720","6","2019","9","6","780"
"000000202301","2","2019","9","6","2917"
"000000001022","3","2019","9","6","762"
"000000001255","3","2019","9","6","3304"
"000000001761","6","2019","9","6","194"
"000000020064","7","2019","9","6","103"
"000000020523","3","2019","9","6","1196"
"000000020812","2","2019","9","6","1332"
"000000020011","7","2019","9","6","218"
"000000001171","1","2019","9","6","26"
"000000001522","5","2019","9","6","59"
"000000020118","4","2019","9","6","45"
"000000001552","1","2019","9","6","24"
"000000020085","7","2019","9","6","83"
"000000001023","1","2019","9","6","35"
"000000001812","5","2019","9","6","157"
"000000001871","1","2019","9","6","6"
"000000001832","6","2019","9","6","7"
"000000001291","7","2019","9","6","14"
"000000020117","0","2019","9","6","6"
"000000001811","2","2019","9","6","5602"
"000000020034","4","2019","9","6","80"
"000000020079","6","2019","9","6","1736"
"000000001113","1","2019","9","6","150"
"000000202103","3","2019","9","6","604"
"000000020012","5","2019","9","6","1055"
"000000020117","3","2019","9","6","1823"
"000000001551","3","2019","9","6","274"
"000000031041","5","2019","9","6","105"
"000000020526","5","2019","9","6","116"
"000000001691","4","2019","9","6","25"
"000000001632","6","2019","9","6","52"
"000000020092","7","2019","9","6","117"
"000000031021","4","2019","9","6","24"
"000000020083","7","2019","9","6","84"
"000000202639","5","2019","9","6","87"
"000000001172","7","2019","9","6","33"
"000000020094","7","2019","9","6","50"
"000000020301","4","2019","9","6","16"
"000000001715","7","2019","9","6","46"
"000000001831","7","2019","9","6","27"
"000000001504","0","2019","9","6","7"
"000000020067","1","2019","9","6","9"
"000000001035","0","2019","9","6","1"
"000000001593","0","2019","9","6","4"
"000000001052","1","2019","9","6","60"
"000000001070","1","2019","9","6","338"
"000000001201","5","2019","9","6","214"
"000000001503","6","2019","9","6","4822"
"000000001504","3","2019","9","6","9690"
"000000020071","2","2019","9","6","46688"
"000000020111","2","2019","9","6","34885"
"000000020181","2","2019","9","6","8365"
"000000020201","5","2019","9","6","162"
"000000201082","2","2019","9","6","9714"
"000000001054","2","2019","9","6","2903"
"000000003182","3","2019","9","6","1231"
"000000020241","2","2019","9","6","6124"
"000000020591","2","2019","9","6","1747"
"000000001321","7","2019","9","6","70"
"000000020042","0","2019","9","6","20"
"000000001694","1","2019","9","6","10"
"000000020075","1","2019","9","6","79"
"000000001801","5","2019","9","6","102"
"000000001531","3","2019","9","6","368"
"000000001841","7","2019","9","6","87"
"000000001114","7","2019","9","6","168"
"000000001561","1","2019","9","6","13"
"000000020256","1","2019","9","6","86"
"000000001623","1","2019","9","6","20"
"000000001254","0","2019","9","6","1"
"000000001512","1","2019","9","6","11"
"000000001500","4","2019","9","6","462"
"000000001716","3","2019","9","6","1373"
"000000003801","4","2019","9","6","38"
"000000015010","1","2019","9","6","75"
"000000020089","5","2019","9","6","218"
"000000031031","7","2019","9","6","178"
"000000200721","7","2019","9","6","86"
"000000020093","3","2019","9","6","654"
"000000001504","7","2019","9","6","308"
"000000020253","5","2019","9","6","171"
"000000020611","3","2019","9","6","691"
"000000200811","4","2019","9","6","127"
"000000001282","5","2019","9","6","173"
"000000001671","2","2019","9","6","841"
"000000001055","4","2019","9","6","21"
"000000001169","4","2019","9","6","13"
"000000001058","5","2019","9","6","142"
"000000001781","5","2019","9","6","41"
"000000003182","7","2019","9","6","70"
"000000001832","3","2019","9","6","56"
"000000020016","1","2019","9","6","24"
"000000020081","7","2019","9","6","46"
"000000001701","6","2019","9","6","1"
"000000200812","0","2019","9","6","1"
"000000001023","3","2019","9","6","1027"
"000000001034","6","2019","9","6","1218"
"000000001038","2","2019","9","6","17470"
"000000001065","5","2019","9","6","783"
"000000001073","3","2019","9","6","6576"
"000000001255","2","2019","9","6","22190"
"000000020601","6","2019","9","6","103"
"000000001043","3","2019","9","6","1019"
"000000001171","3","2019","9","6","569"
"000000001552","3","2019","9","6","316"
"000000200716","5","2019","9","6","162"
"000000001022","5","2019","9","6","196"
"000000020202","3","2019","9","6","1685"
"000000001531","2","2019","9","6","2511"
"000000020521","5","2019","9","6","101"
"000000020525","5","2019","9","6","229"
"000000020906","1","2019","9","6","31"
"000000020172","7","2019","9","6","67"
"000000001801","4","2019","9","6","33"
"000000201321","1","2019","9","6","53"
"000000020561","6","2019","9","6","51"
"000000001182","7","2019","9","6","68"
"000000202301","4","2019","9","6","33"
"000000020152","1","2019","9","6","52"
"000000001661","1","2019","9","6","7"
"000000001781","7","2019","9","6","27"
"000000001524","1","2019","9","6","30"
"000000001623","0","2019","9","6","1"
"000000202104","7","2019","9","6","62"
"000000001521","1","2019","9","6","27"
"000000001070","0","2019","9","6","2"
"000000000999","5","2019","9","6","35092"
"000000001065","2","2019","9","6","29644"
"000000001221","2","2019","9","6","5841"
"000000001401","1","2019","9","6","170"
"000000015010","6","2019","9","6","815"
"000000020016","6","2019","9","6","1329"
"000000020022","6","2019","9","6","1077"
"000000020032","3","2019","9","6","555"
"000000020119","5","2019","9","6","1022"
"000000020242","6","2019","9","6","417"
"000000020908","3","2019","9","6","731"
"000000001242","4","2019","9","6","78"
"000000020086","3","2019","9","6","1541"
"000000200717","4","2019","9","6","90"
"000000001121","3","2019","9","6","336"
"000000001621","6","2019","9","6","150"
"000000001741","3","2019","9","6","317"
"000000020183","4","2019","9","6","183"
"000000005045","1","2019","9","6","539"
"000000001111","4","2019","9","6","74"
"000000001173","6","2019","9","6","123"
"000000020112","7","2019","9","6","151"
"000000003804","1","2019","9","6","39"
"000000001871","3","2019","9","6","133"
"000000001057","4","2019","9","6","31"
"000000031041","4","2019","9","6","16"
"000000001714","3","2019","9","6","59"
"000000001721","5","2019","9","6","57"
"000000001211","7","2019","9","6","40"
"000000001113","0","2019","9","6","1"
"000000001021","2","2019","9","6","5250"
"000000001771","3","2019","9","6","820"
"000000005047","2","2019","9","6","14972"
"000000020012","4","2019","9","6","410"
"000000020036","3","2019","9","6","336"
"000000020116","6","2019","9","6","393"
"000000020523","2","2019","9","6","6994"
"000000001141","6","2019","9","6","193"
"000000020182","3","2019","9","6","2629"
"000000001622","6","2019","9","6","76"
"000000020091","5","2019","9","6","273"
"000000020186","1","2019","9","6","20"
"000000020563","3","2019","9","6","510"
"000000020045","1","2019","9","6","12"
"000000020253","7","2019","9","6","74"
"000000015011","4","2019","9","6","115"
"000000020066","5","2019","9","6","27"
"000000020526","4","2019","9","6","16"
"000000001221","5","2019","9","6","72"
"000000001692","1","2019","9","6","23"
"000000020075","0","2019","9","6","1"
"000000001282","7","2019","9","6","34"
"000000020562","4","2019","9","6","10"
"000000020511","1","2019","9","6","7"
"000000020812","4","2019","9","6","10"
"000000020671","1","2019","9","6","4"
"000000000997","2","2019","9","6","13549"
"000000001509","2","2019","9","6","65527"
"000000020031","2","2019","9","6","3859"
"000000020118","6","2019","9","6","259"
"000000200171","3","2019","9","6","2481"
"000000200721","2","2019","9","6","11060"
"000000001038","5","2019","9","6","586"
"000000001255","5","2019","9","6","516"
"000000001281","5","2019","9","6","250"
"000000020258","4","2019","9","6","153"
"000000001751","3","2019","9","6","302"
"000000001693","1","2019","9","6","29"
"000000020621","4","2019","9","6","19"
"000000001222","4","2019","9","6","49"
"000000001201","4","2019","9","6","51"
"000000001594","6","2019","9","6","24"
"000000200718","7","2019","9","6","71"
"000000001712","7","2019","9","6","52"
"000000001812","4","2019","9","6","27"
"000000001024","7","2019","9","6","76"
"000000202639","4","2019","9","6","53"
"000000020905","1","2019","9","6","39"
"000000001803","7","2019","9","6","21"
"000000020256","0","2019","9","6","1"
"000000001024","2","2019","9","6","5195"
"000000001211","2","2019","9","6","5468"
"000000001712","2","2019","9","6","8366"
"000000200713","6","2019","9","6","902"
"000000001045","6","2019","9","6","360"
"000000001731","6","2019","9","6","152"
"000000020085","4","2019","9","6","92"
"000000200718","5","2019","9","6","220"
"000000200720","3","2019","9","6","1495"
"000000001523","6","2019","9","6","153"
"000000001803","5","2019","9","6","70"
"000000020204","5","2019","9","6","301"
"000000200711","5","2019","9","6","101"
"000000020171","7","2019","9","6","53"
"000000020011","4","2019","9","6","545"
"000000020211","4","2019","9","6","66"
"000000001622","1","2019","9","6","10"
"000000020033","7","2019","9","6","27"
"000000001141","1","2019","9","6","5"
"000000001252","7","2019","9","6","32"
"000000001035","7","2019","9","6","78"
"000000020031","7","2019","9","6","24"
"000000001503","0","2019","9","6","10"
"000000020251","7","2019","9","6","27"
"000000001291","4","2019","9","6","1"
"000000001594","1","2019","9","6","4"
"000000020601","1","2019","9","6","7"
"000000001012","5","2019","9","6","1196"
"000000001253","6","2019","9","6","1014"
"000000001256","5","2019","9","6","907"
"000000020112","2","2019","9","6","25059"
"000000020172","2","2019","9","6","9114"
"000000001011","6","2019","9","6","801"
"000000001542","3","2019","9","6","313"
"000000001703","5","2019","9","6","152"
"000000001524","6","2019","9","6","241"
"000000020223","5","2019","9","6","132"
"000000001241","3","2019","9","6","590"
"000000020094","4","2019","9","6","55"
"000000001101","3","2019","9","6","406"
"000000020222","7","2019","9","6","77"
"000000020522","6","2019","9","6","209"
"000000001761","3","2019","9","6","288"
"000000001046","5","2019","9","6","140"
"000000202104","2","2019","9","6","4932"
"000000001069","4","2019","9","6","37"
"000000020117","7","2019","9","6","43"
"000000202103","7","2019","9","6","54"
"000000001011","3","2019","9","6","3072"
"000000001071","2","2019","9","6","58683"
"000000001113","5","2019","9","6","828"
"000000020255","3","2019","9","6","845"
"000000001045","3","2019","9","6","726"
"000000001242","6","2019","9","6","395"
"000000001731","3","2019","9","6","178"
"000000015012","7","2019","9","6","127"
"000000031031","4","2019","9","6","327"
"000000001023","5","2019","9","6","224"
"000000201082","6","2019","9","6","394"
"000000001801","6","2019","9","6","136"
"000000020061","7","2019","9","6","101"
"000000020064","1","2019","9","6","53"
"000000020171","4","2019","9","6","78"
"000000020801","4","2019","9","6","37"
"000000001632","7","2019","9","6","33"
"000000001069","1","2019","9","6","70"
"000000001252","4","2019","9","6","51"
"000000001016","0","2019","9","6","1"
"000000001053","3","2019","9","6","394"
"000000001065","6","2019","9","6","989"
"000000001524","2","2019","9","6","3888"
"000000003804","5","2019","9","6","266"
"000000020013","3","2019","9","6","3169"
"000000020019","3","2019","9","6","3019"
"000000020062","5","2019","9","6","491"
"000000020905","2","2019","9","6","8130"
"000000200713","2","2019","9","6","23760"
"000000201321","2","2019","9","6","10561"
"000000020086","4","2019","9","6","94"
"000000001112","5","2019","9","6","283"
"000000020204","1","2019","9","6","43"
"000000020152","5","2019","9","6","178"
"000000001623","4","2019","9","6","3"
"000000001171","4","2019","9","6","46"
"000000001831","1","2019","9","6","21"
"000000001717","3","2019","9","6","259"
"000000020561","7","2019","9","6","36"
"000000001256","1","2019","9","6","74"
"000000010113","1","2019","9","6","46"
"000000200811","0","2019","9","6","1"
"000000001703","1","2019","9","6","25"
"000000001011","2","2019","9","6","32879"
"000000001041","2","2019","9","6","12014"
"000000001081","5","2019","9","6","420"
"000000001221","6","2019","9","6","12"
"000000001281","6","2019","9","6","370"
"000000001401","2","2019","9","6","52546"
"000000005045","2","2019","9","6","15657"
"000000020084","3","2019","9","6","902"
"000000020523","6","2019","9","6","481"
"000000201321","5","2019","9","6","240"
"000000020224","2","2019","9","6","3818"
"000000031061","5","2019","9","6","715"
"000000020524","3","2019","9","6","536"
"000000001073","4","2019","9","6","191"
"000000020905","5","2019","9","6","187"
"000000020906","5","2019","9","6","194"
"000000005047","6","2019","9","6","36"
"000000001701","2","2019","9","6","1382"
"000000020151","5","2019","9","6","122"
"000000020182","4","2019","9","6","142"
"000000020089","1","2019","9","6","14"
"000000001594","7","2019","9","6","19"
"000000020083","1","2019","9","6","26"
"000000001052","4","2019","9","6","62"
"000000020118","7","2019","9","6","71"
"000000001715","1","2019","9","6","17"
"000000001132","2","2019","9","6","10641"
"000000001182","2","2019","9","6","7458"
"000000001651","2","2019","9","6","1747"
"000000003802","3","2019","9","6","722"
"000000020064","4","2019","9","6","149"
"000000020088","5","2019","9","6","207"
"000000020253","2","2019","9","6","5909"
"000000020801","7","2019","9","6","117"
"000000001041","6","2019","9","6","260"
"000000020255","6","2019","9","6","325"
"000000020224","6","2019","9","6","141"
"000000001151","3","2019","9","6","310"
"000000020014","7","2019","9","6","171"
"000000001551","7","2019","9","6","45"
"000000020153","4","2019","9","6","47"
"000000020561","1","2019","9","6","12"
"000000001531","7","2019","9","6","23"
"000000020118","1","2019","9","6","30"
"000000020242","1","2019","9","6","8"
